frame,track_id,detection_id,center_x,center_y,x1,y1,x2,y2,width,height,radius_px,roi_area_px2,mask_area_px2,confidence,class_id,status,observed,coordinate_type,quality_reason,dx,dy,drift_x,drift_y,valid,cumulative_valid,phase_response,ecc_score,disagreement,video_time_s,acquisition_time_s,time_basis,timestamp,nm_per_pixel,x_background_relative_px,y_background_relative_px,x_nm,y_nm,step_px,speed_px_per_video_s,speed_nm_per_acquisition_s
0,1,0:1,147.0,128.0,116.0,97.0,178.0,159.0,62.0,62.0,31.0,3019.0705400997913,,,0,seed,True,roi_center,,0.0,0.0,0.0,0.0,True,True,1.0,1.0,0.0,0.0,,video_playback_only,0.0,,147.0,128.0,,,,,
0,2,0:2,187.0,188.0,156.0,157.0,218.0,219.0,62.0,62.0,31.0,3019.0705400997913,,,0,seed,True,roi_center,,0.0,0.0,0.0,0.0,True,True,1.0,1.0,0.0,0.0,,video_playback_only,0.0,,187.0,188.0,,,,,
0,3,0:3,122.0,245.0,87.0,210.0,157.0,280.0,70.0,70.0,35.0,3848.4510006474966,,,0,seed,True,roi_center,,0.0,0.0,0.0,0.0,True,True,1.0,1.0,0.0,0.0,,video_playback_only,0.0,,122.0,245.0,,,,,
0,4,0:4,103.0,319.0,67.0,283.0,139.0,355.0,72.0,72.0,36.0,4071.5040790523717,,,0,seed,True,roi_center,,0.0,0.0,0.0,0.0,True,True,1.0,1.0,0.0,0.0,,video_playback_only,0.0,,103.0,319.0,,,,,
0,6,0:6,59.0,386.0,19.0,346.0,99.0,426.0,80.0,80.0,40.0,5026.548245743669,,,0,seed,True,roi_center,,0.0,0.0,0.0,0.0,True,True,1.0,1.0,0.0,0.0,,video_playback_only,0.0,,59.0,386.0,,,,,
0,7,0:7,43.0,456.0,4.0,417.0,82.0,495.0,78.0,78.0,39.0,4778.362426110075,,,0,seed,True,roi_center,,0.0,0.0,0.0,0.0,True,True,1.0,1.0,0.0,0.0,,video_playback_only,0.0,,43.0,456.0,,,,,
1,1,1:1,154.2620357978211,120.7126293011795,123.26203579782111,89.7126293011795,185.2620357978211,151.7126293011795,62.0,62.0,31.0,3019.0705400997913,,,0,tracked,True,roi_center,,-1.34514582157135,-0.16660626232624054,-1.34514582157135,-0.16660626232624054,True,True,0.5595351433753968,0.6624432256442693,0.2331937980043671,1.0,,video_playback_only,1.0,,155.60718161939246,120.87923556350574,,,10.287999593257323,10.287999593257323,
1,2,1:2,189.91828747549812,184.05595337878418,158.91828747549812,153.05595337878418,220.91828747549812,215.05595337878418,62.0,62.0,31.0,3019.0705400997913,,,0,tracked,True,roi_center,,-1.34514582157135,-0.16660626232624054,-1.34514582157135,-0.16660626232624054,True,True,0.5595351433753968,0.6624432256442693,0.2331937980043671,1.0,,video_playback_only,1.0,,191.26343329706947,184.22255964111042,,,4.906312825327498,4.906312825327498,
1,3,1:3,126.62441975342058,237.76960658266907,91.62441975342058,202.76960658266907,161.62441975342057,272.7696065826691,70.0,70.0,35.0,3848.4510006474966,,,0,tracked,True,roi_center,,-1.34514582157135,-0.16660626232624054,-1.34514582157135,-0.16660626232624054,True,True,0.5595351433753968,0.6624432256442693,0.2331937980043671,1.0,,video_playback_only,1.0,,127.96956557499193,237.9362128449953,,,8.58276453278365,8.58276453278365,
1,4,1:4,99.82588559345274,317.16505889737294,63.82588559345274,281.16505889737294,135.82588559345274,353.16505889737294,72.0,72.0,36.0,4071.5040790523717,,,0,tracked,True,roi_center,,-1.34514582157135,-0.16660626232624054,-1.34514582157135,-0.16660626232624054,True,True,0.5595351433753968,0.6624432256442693,0.2331937980043671,1.0,,video_playback_only,1.0,,101.17103141502409,317.3316651596992,,,3.66633483413082,3.66633483413082,
1,6,1:6,54.77529619435136,382.54736117759694,14.775296194351363,342.54736117759694,94.77529619435137,422.54736117759694,80.0,80.0,40.0,5026.548245743669,,,0,tracked,True,roi_center,,-1.34514582157135,-0.16660626232624054,-1.34514582157135,-0.16660626232624054,True,True,0.5595351433753968,0.6624432256442693,0.2331937980043671,1.0,,video_playback_only,1.0,,56.12044201592271,382.7139674399232,,,5.456082576668618,5.456082576668618,
1,7,1:7,53.6456939021117,469.09563719166397,14.645693902111702,430.09563719166397,92.6456939021117,508.09563719166397,78.0,78.0,39.0,4778.362426110075,,,0,tracked,True,roi_center,,-1.34514582157135,-0.16660626232624054,-1.34514582157135,-0.16660626232624054,True,True,0.5595351433753968,0.6624432256442693,0.2331937980043671,1.0,,video_playback_only,1.0,,54.99083972368305,469.2622434539902,,,16.87680396618835,16.87680396618835,
2,1,2:1,158.41414051468624,119.646487132844,127.41414051468624,88.646487132844,189.41414051468624,150.64648713284402,62.0,62.0,31.0,3019.0705400997913,,,0,tracked,True,roi_center,,-1.1273435354232788,0.1459893435239792,-2.472489356994629,-0.020616918802261353,True,True,0.5459630680084229,0.702934596863368,0.10855889197317575,2.0,,video_playback_only,2.0,,160.88662987168087,119.66710405164626,,,4.286797487975931,4.286797487975931,
2,2,2:2,189.01759856067355,186.58048175513983,158.01759856067355,155.58048175513983,220.01759856067355,217.58048175513983,62.0,62.0,31.0,3019.0705400997913,,,0,tracked,True,roi_center,,-1.1273435354232788,0.1459893435239792,-2.472489356994629,-0.020616918802261353,True,True,0.5459630680084229,0.702934596863368,0.10855889197317575,2.0,,video_playback_only,2.0,,191.49008791766818,186.6010986739421,,,2.68038878603697,2.68038878603697,
2,3,2:3,128.57327575880987,241.57951033706252,93.57327575880987,206.57951033706252,163.57327575880987,276.5795103370625,70.0,70.0,35.0,3848.4510006474966,,,0,tracked,True,roi_center,,-1.1273435354232788,0.1459893435239792,-2.472489356994629,-0.020616918802261353,True,True,0.5459630680084229,0.702934596863368,0.10855889197317575,2.0,,video_playback_only,2.0,,131.0457651158045,241.60012725586478,,,4.279416589616296,4.279416589616296,
2,4,2:4,111.9897275596825,322.186123624774,75.9897275596825,286.186123624774,147.9897275596825,358.186123624774,72.0,72.0,36.0,4071.5040790523717,,,0,tracked,True,roi_center,,-1.1273435354232788,0.1459893435239792,-2.472489356994629,-0.020616918802261353,True,True,0.5459630680084229,0.702934596863368,0.10855889197317575,2.0,,video_playback_only,2.0,,114.46221691667714,322.20674054357625,,,13.159412691156218,13.159412691156218,
2,6,2:6,61.246900184298624,390.0890522252151,21.246900184298624,350.0890522252151,101.24690018429862,430.0890522252151,80.0,80.0,40.0,5026.548245743669,,,0,tracked,True,roi_center,,-1.1273435354232788,0.1459893435239792,-2.472489356994629,-0.020616918802261353,True,True,0.5459630680084229,0.702934596863368,0.10855889197317575,2.0,,video_playback_only,2.0,,63.71938954129325,390.10966914401735,,,9.93774431450241,9.93774431450241,
2,7,,,,,,,,78.0,78.0,39.0,4778.362426110075,,,0,lost,False,roi_center,,-1.1273435354232788,0.1459893435239792,-2.472489356994629,-0.020616918802261353,True,True,0.5459630680084229,0.702934596863368,0.10855889197317575,2.0,,video_playback_only,2.0,,,,,,,,
3,1,3:1,161.58150320402243,122.86738797233173,130.58150320402243,91.86738797233173,192.58150320402243,153.86738797233173,62.0,62.0,31.0,3019.0705400997913,,,0,tracked,True,roi_center,,-0.1552574336528778,0.019238196313381195,-2.6277467906475067,-0.0013787224888801575,True,True,0.6712829613685608,0.731241619556068,0.04667224087933734,3.0,,video_playback_only,3.0,,164.20924999466993,122.86876669482061,,,4.517343093413617,4.517343093413617,
3,2,3:2,193.4835172263574,185.45010102223992,162.4835172263574,154.45010102223992,224.4835172263574,216.45010102223992,62.0,62.0,31.0,3019.0705400997913,,,0,tracked,True,roi_center,,-0.1552574336528778,0.019238196313381195,-2.6277467906475067,-0.0013787224888801575,True,True,0.6712829613685608,0.731241619556068,0.04667224087933734,3.0,,video_playback_only,3.0,,196.1112640170049,185.4514797447288,,,4.606754837172782,4.606754837172782,
3,3,3:3,129.5603222931384,242.15688761013774,94.5603222931384,207.15688761013774,164.5603222931384,277.15688761013774,70.0,70.0,35.0,3848.4510006474966,,,0,tracked,True,roi_center,,-0.1552574336528778,0.019238196313381195,-2.6277467906475067,-0.0013787224888801575,True,True,0.6712829613685608,0.731241619556068,0.04667224087933734,3.0,,video_playback_only,3.0,,132.1880690837859,242.15826633262662,,,1.1435144845579106,1.1435144845579106,
3,4,3:4,113.64537969170937,331.93777978083415,77.64537969170937,295.93777978083415,149.64537969170937,367.93777978083415,72.0,72.0,36.0,4071.5040790523717,,,0,tracked,True,roi_center,,-0.1552574336528778,0.019238196313381195,-2.6277467906475067,-0.0013787224888801575,True,True,0.6712829613685608,0.731241619556068,0.04667224087933734,3.0,,video_playback_only,3.0,,116.27312648235687,331.93915850332303,,,9.891207295791105,9.891207295791105,
3,6,3:6,62.573609233648746,389.44609025683684,22.573609233648746,349.44609025683684,102.57360923364874,429.44609025683684,80.0,80.0,40.0,5026.548245743669,,,0,tracked,True,roi_center,,-0.1552574336528778,0.019238196313381195,-2.6277467906475067,-0.0013787224888801575,True,True,0.6712829613685608,0.731241619556068,0.04667224087933734,3.0,,video_playback_only,3.0,,65.20135602429625,389.4474689793257,,,1.4742988144905802,1.4742988144905802,
3,7,3:7,55.598820927204294,481.4711831754696,16.598820927204294,442.4711831754696,94.59882092720429,520.4711831754696,78.0,78.0,39.0,4778.362426110075,,,0,tracked,True,roi_center,,-0.1552574336528778,0.019238196313381195,-2.6277467906475067,-0.0013787224888801575,True,True,0.6712829613685608,0.731241619556068,0.04667224087933734,3.0,,video_playback_only,3.0,,58.2265677178518,481.4725618979585,,,,,
4,1,4:1,168.8166597635964,118.0393793608819,137.8166597635964,87.0393793608819,199.8166597635964,149.0393793608819,62.0,62.0,31.0,3019.0705400997913,,,0,tracked,True,roi_center,,-1.093652367591858,-0.8010678887367249,-3.7213991582393646,-0.802446611225605,True,True,0.5388360197842121,0.6960100732879214,0.17821192782472675,4.0,,video_playback_only,4.0,,172.53805892183576,118.8418259721075,,,8.698112300596028,8.698112300596028,
4,2,4:2,199.40812197250054,181.84041881036194,168.40812197250054,150.84041881036194,230.40812197250054,212.84041881036194,62.0,62.0,31.0,3019.0705400997913,,,0,tracked,True,roi_center,,-1.093652367591858,-0.8010678887367249,-3.7213991582393646,-0.802446611225605,True,True,0.5388360197842121,0.6960100732879214,0.17821192782472675,4.0,,video_playback_only,4.0,,203.1295211307399,182.64286542158754,,,6.937632670354495,6.937632670354495,
4,3,4:3,143.39249904976606,242.09350957442626,108.39249904976606,207.09350957442626,178.39249904976606,277.09350957442626,70.0,70.0,35.0,3848.4510006474966,,,0,tracked,True,roi_center,,-1.093652367591858,-0.8010678887367249,-3.7213991582393646,-0.802446611225605,True,True,0.5388360197842121,0.6960100732879214,0.17821192782472675,4.0,,video_playback_only,4.0,,147.11389820800542,242.89595618565187,,,13.832321952658605,13.832321952658605,
4,4,4:4,110.7196153546399,314.3156238197155,74.7196153546399,278.3156238197155,146.7196153546399,350.3156238197155,72.0,72.0,36.0,4071.5040790523717,,,0,tracked,True,roi_center,,-1.093652367591858,-0.8010678887367249,-3.7213991582393646,-0.802446611225605,True,True,0.5388360197842121,0.6960100732879214,0.17821192782472675,4.0,,video_playback_only,4.0,,114.44101451287926,315.1180704309411,,,17.86338371289319,17.86338371289319,
4,6,4:6,65.86811307330244,390.39069854416755,25.86811307330244,350.39069854416755,105.86811307330244,430.39069854416755,80.0,80.0,40.0,5026.548245743669,,,0,tracked,True,roi_center,,-1.093652367591858,-0.8010678887367249,-3.7213991582393646,-0.802446611225605,True,True,0.5388360197842121,0.6960100732879214,0.17821192782472675,4.0,,video_playback_only,4.0,,69.5895122315418,391.19314515539315,,,3.4272496795516343,3.4272496795516343,
4,7,4:7,43.53017719359467,460.1558605715172,4.5301771935946675,421.1558605715172,82.53017719359467,499.1558605715172,78.0,78.0,39.0,4778.362426110075,,,0,tracked,True,roi_center,,-1.093652367591858,-0.8010678887367249,-3.7213991582393646,-0.802446611225605,True,True,0.5388360197842121,0.6960100732879214,0.17821192782472675,4.0,,video_playback_only,4.0,,47.25157635183403,460.95830718274283,,,24.49479820858621,24.49479820858621,
5,1,5:1,168.8585893282742,124.9172906901162,137.8585893282742,93.9172906901162,199.8585893282742,155.9172906901162,62.0,62.0,31.0,3019.0705400997913,,,0,tracked,True,roi_center,,-1.778017282485962,0.36054009199142456,-5.4994164407253265,-0.44190651923418045,True,True,0.459294646307826,0.6820130556939558,0.5301914749150394,5.0,,video_playback_only,5.0,,174.35800576899953,125.35919720935038,,,6.878039134899112,6.878039134899112,
5,2,5:2,203.18355218363973,186.7000097266803,172.18355218363973,155.7000097266803,234.18355218363973,217.7000097266803,62.0,62.0,31.0,3019.0705400997913,,,0,tracked,True,roi_center,,-1.778017282485962,0.36054009199142456,-5.4994164407253265,-0.44190651923418045,True,True,0.459294646307826,0.6820130556939558,0.5301914749150394,5.0,,video_playback_only,5.0,,208.68296862436506,187.14191624591447,,,6.153819720559452,6.153819720559452,
5,3,5:3,147.39662990901763,246.2659866981458,112.39662990901763,211.2659866981458,182.39662990901763,281.2659866981458,70.0,70.0,35.0,3848.4510006474966,,,0,tracked,True,roi_center,,-1.778017282485962,0.36054009199142456,-5.4994164407253265,-0.44190651923418045,True,True,0.459294646307826,0.6820130556939558,0.5301914749150394,5.0,,video_playback_only,5.0,,152.89604634974296,246.70789321738,,,5.7829602528440125,5.7829602528440125,
5,4,5:4,110.01813548645708,327.70641928649144,74.01813548645708,291.70641928649144,146.01813548645708,363.70641928649144,72.0,72.0,36.0,4071.5040790523717,,,0,tracked,True,roi_center,,-1.778017282485962,0.36054009199142456,-5.4994164407253265,-0.44190651923418045,True,True,0.459294646307826,0.6820130556939558,0.5301914749150394,5.0,,video_playback_only,5.0,,115.51755192718241,328.1483258057256,,,13.40915647005781,13.40915647005781,
5,6,5:6,64.22903209370524,388.89320025588916,24.229032093705243,348.89320025588916,104.22903209370524,428.89320025588916,80.0,80.0,40.0,5026.548245743669,,,0,tracked,True,roi_center,,-1.778017282485962,0.36054009199142456,-5.4994164407253265,-0.44190651923418045,True,True,0.459294646307826,0.6820130556939558,0.5301914749150394,5.0,,video_playback_only,5.0,,69.72844853443057,389.33510677512334,,,2.220154855201326,2.220154855201326,
5,7,5:7,52.73037317031437,475.96764509154264,13.730373170314373,436.96764509154264,91.73037317031438,514.9676450915426,78.0,78.0,39.0,4778.362426110075,,,0,tracked,True,roi_center,,-1.778017282485962,0.36054009199142456,-5.4994164407253265,-0.44190651923418045,True,True,0.459294646307826,0.6820130556939558,0.5301914749150394,5.0,,video_playback_only,5.0,,58.2297896110397,476.4095516107768,,,18.29360914958458,18.29360914958458,
6,1,6:1,171.98173136405813,123.06872003557068,140.98173136405813,92.06872003557068,202.98173136405813,154.06872003557066,62.0,62.0,31.0,3019.0705400997913,,,0,tracked,True,roi_center,,-1.2085312604904175,-0.12068478018045425,-6.707947701215744,-0.5625912994146347,True,True,0.5686325781047344,0.6606005774031155,0.3567895350493549,6.0,,video_playback_only,6.0,,178.68967906527388,123.63131133498531,,,3.6292188747067122,3.6292188747067122,
6,2,6:2,212.08429808970232,182.83565515364046,181.08429808970232,151.83565515364046,243.08429808970232,213.83565515364046,62.0,62.0,31.0,3019.0705400997913,,,0,tracked,True,roi_center,,-1.2085312604904175,-0.12068478018045425,-6.707947701215744,-0.5625912994146347,True,True,0.5686325781047344,0.6606005774031155,0.3567895350493549,6.0,,video_playback_only,6.0,,218.79224579091806,183.3982464530551,,,9.703427948434701,9.703427948434701,
6,3,6:3,152.66923772541094,246.10854300760678,117.66923772541094,211.10854300760678,187.66923772541094,281.1085430076068,70.0,70.0,35.0,3848.4510006474966,,,0,tracked,True,roi_center,,-1.2085312604904175,-0.12068478018045425,-6.707947701215744,-0.5625912994146347,True,True,0.5686325781047344,0.6606005774031155,0.3567895350493549,6.0,,video_playback_only,6.0,,159.37718542662668,246.67113430702142,,,5.274957980987367,5.274957980987367,
6,4,6:4,114.32129826199116,326.5324992095397,78.32129826199116,290.5324992095397,150.32129826199116,362.5324992095397,72.0,72.0,36.0,4071.5040790523717,,,0,tracked,True,roi_center,,-1.2085312604904175,-0.12068478018045425,-6.707947701215744,-0.5625912994146347,True,True,0.5686325781047344,0.6606005774031155,0.3567895350493549,6.0,,video_playback_only,6.0,,121.0292459632069,327.09509050895434,,,4.4604145793650725,4.4604145793650725,
6,6,6:6,64.32542651900629,388.79312581063556,24.325426519006285,348.79312581063556,104.32542651900629,428.79312581063556,80.0,80.0,40.0,5026.548245743669,,,0,tracked,True,roi_center,,-1.2085312604904175,-0.12068478018045425,-6.707947701215744,-0.5625912994146347,True,True,0.5686325781047344,0.6606005774031155,0.3567895350493549,6.0,,video_playback_only,6.0,,71.03337422022203,389.3557171100502,,,0.13894883886500603,0.13894883886500603,
6,7,6:7,58.41951186440678,474.9989016949153,19.41951186440678,435.9989016949153,97.41951186440679,513.9989016949153,78.0,78.0,39.0,4778.362426110075,,,0,tracked,True,roi_center,,-1.2085312604904175,-0.12068478018045425,-6.707947701215744,-0.5625912994146347,True,True,0.5686325781047344,0.6606005774031155,0.3567895350493549,6.0,,video_playback_only,6.0,,65.12745956562253,475.5614929943299,,,5.771027884972361,5.771027884972361,
7,1,7:1,174.64642827482294,124.07896828692444,143.64642827482294,93.07896828692444,205.64642827482294,155.07896828692444,62.0,62.0,31.0,3019.0705400997913,,,0,tracked,True,roi_center,,-1.10482919216156,-0.04848999157547951,-7.812776893377304,-0.6110812909901142,True,True,0.5404437363147736,0.733442311182062,0.14120014370546943,7.0,,video_playback_only,7.0,,182.45920516820024,124.69004957791455,,,2.8497738779774813,2.8497738779774813,
7,2,7:2,221.08110032410463,188.9564498305311,190.08110032410463,157.9564498305311,252.08110032410463,219.9564498305311,62.0,62.0,31.0,3019.0705400997913,,,0,tracked,True,roi_center,,-1.10482919216156,-0.04848999157547951,-7.812776893377304,-0.6110812909901142,True,True,0.5404437363147736,0.733442311182062,0.14120014370546943,7.0,,video_playback_only,7.0,,228.89387721748193,189.56753112152123,,,10.88147866429923,10.88147866429923,
7,3,7:3,154.50731621675615,249.18480333694555,119.50731621675615,214.18480333694555,189.50731621675615,284.18480333694555,70.0,70.0,35.0,3848.4510006474966,,,0,tracked,True,roi_center,,-1.10482919216156,-0.04848999157547951,-7.812776893377304,-0.6110812909901142,True,True,0.5404437363147736,0.733442311182062,0.14120014370546943,7.0,,video_playback_only,7.0,,162.32009311013346,249.79588462793566,,,3.5835610995501876,3.5835610995501876,
7,4,7:4,119.04825770464971,329.49925160984645,83.04825770464971,293.49925160984645,155.0482577046497,365.49925160984645,72.0,72.0,36.0,4071.5040790523717,,,0,tracked,True,roi_center,,-1.10482919216156,-0.04848999157547951,-7.812776893377304,-0.6110812909901142,True,True,0.5404437363147736,0.733442311182062,0.14120014370546943,7.0,,video_playback_only,7.0,,126.86103459802702,330.11033290083657,,,5.580839128416506,5.580839128416506,
7,6,7:6,70.01606943257282,398.71051351173645,30.01606943257282,358.71051351173645,110.01606943257282,438.71051351173645,80.0,80.0,40.0,5026.548245743669,,,0,tracked,True,roi_center,,-1.10482919216156,-0.04848999157547951,-7.812776893377304,-0.6110812909901142,True,True,0.5404437363147736,0.733442311182062,0.14120014370546943,7.0,,video_playback_only,7.0,,77.82884632595012,399.32159480272657,,,11.434071697504448,11.434071697504448,
7,7,7:7,67.47436154187746,480.041098156678,28.474361541877457,441.041098156678,106.47436154187746,519.041098156678,78.0,78.0,39.0,4778.362426110075,,,0,tracked,True,roi_center,,-1.10482919216156,-0.04848999157547951,-7.812776893377304,-0.6110812909901142,True,True,0.5404437363147736,0.733442311182062,0.14120014370546943,7.0,,video_playback_only,7.0,,75.28713843525476,480.6521794476681,,,10.364074866605481,10.364074866605481,
8,1,8:1,177.49122708356765,126.14126212332263,146.49122708356765,95.14126212332263,208.49122708356765,157.14126212332263,62.0,62.0,31.0,3019.0705400997913,,,0,tracked,True,roi_center,,-1.741018533706665,-0.5201079249382019,-9.55379542708397,-1.1311892159283161,True,True,0.7270052459836006,0.7450497277385911,0.2810707270870639,8.0,,video_playback_only,8.0,,187.04502251065162,127.27245133925095,,,3.513678432907789,3.513678432907789,
8,2,8:2,227.24619549090733,200.45060042511187,196.24619549090733,169.45060042511187,258.2461954909073,231.45060042511187,62.0,62.0,31.0,3019.0705400997913,,,0,tracked,True,roi_center,,-1.741018533706665,-0.5201079249382019,-9.55379542708397,-1.1311892159283161,True,True,0.7270052459836006,0.7450497277385911,0.2810707270870639,8.0,,video_playback_only,8.0,,236.7999909179913,201.5817896410402,,,13.04315515152048,13.04315515152048,
8,3,8:3,159.1548123204077,253.13749917169173,124.1548123204077,218.13749917169173,194.1548123204077,288.13749917169173,70.0,70.0,35.0,3848.4510006474966,,,0,tracked,True,roi_center,,-1.741018533706665,-0.5201079249382019,-9.55379542708397,-1.1311892159283161,True,True,0.7270052459836006,0.7450497277385911,0.2810707270870639,8.0,,video_playback_only,8.0,,168.70860774749167,254.26868838762005,,,6.101067479996932,6.101067479996932,
8,4,8:4,105.80477874845694,325.88444236064953,69.80477874845694,289.88444236064953,141.80477874845695,361.88444236064953,72.0,72.0,36.0,4071.5040790523717,,,0,tracked,True,roi_center,,-1.741018533706665,-0.5201079249382019,-9.55379542708397,-1.1311892159283161,True,True,0.7270052459836006,0.7450497277385911,0.2810707270870639,8.0,,video_playback_only,8.0,,115.35857417554091,327.01563157657785,,,13.727948891629822,13.727948891629822,
8,6,8:6,69.6301029403401,400.64094864357617,29.630102940340095,360.64094864357617,109.6301029403401,440.64094864357617,80.0,80.0,40.0,5026.548245743669,,,0,tracked,True,roi_center,,-1.741018533706665,-0.5201079249382019,-9.55379542708397,-1.1311892159283161,True,True,0.7270052459836006,0.7450497277385911,0.2810707270870639,8.0,,video_playback_only,8.0,,79.18389836742406,401.7721378595045,,,1.9686416462544556,1.9686416462544556,
8,7,8:7,56.10898593195357,484.47399635434385,17.10898593195357,445.47399635434385,95.10898593195357,523.4739963543439,78.0,78.0,39.0,4778.362426110075,,,0,tracked,True,roi_center,,-1.741018533706665,-0.5201079249382019,-9.55379542708397,-1.1311892159283161,True,True,0.7270052459836006,0.7450497277385911,0.2810707270870639,8.0,,video_playback_only,8.0,,65.66278135903754,485.60518557027217,,,12.199276584516063,12.199276584516063,
9,1,9:1,189.82678027869355,128.11105610734862,158.82678027869355,97.11105610734862,220.82678027869355,159.11105610734862,62.0,62.0,31.0,3019.0705400997913,,,0,tracked,True,roi_center,,-1.750606656074524,0.04375899210572243,-11.304402083158493,-1.0874302238225937,True,True,0.7456798066198825,0.7215012188692614,0.32944129141837436,9.0,,video_playback_only,9.0,,201.13118236185204,129.1984863311712,,,12.491835772587057,12.491835772587057,
9,2,9:2,238.6627866355519,203.0643349216774,207.6627866355519,172.0643349216774,269.6627866355519,234.0643349216774,62.0,62.0,31.0,3019.0705400997913,,,0,tracked,True,roi_center,,-1.750606656074524,0.04375899210572243,-11.304402083158493,-1.0874302238225937,True,True,0.7456798066198825,0.7215012188692614,0.32944129141837436,9.0,,video_playback_only,9.0,,249.9671887187104,204.1517651455,,,11.71196658902823,11.71196658902823,
9,3,9:3,162.7495887075546,255.09543629902606,127.74958870755461,220.09543629902606,197.7495887075546,290.09543629902606,70.0,70.0,35.0,3848.4510006474966,,,0,tracked,True,roi_center,,-1.750606656074524,0.04375899210572243,-11.304402083158493,-1.0874302238225937,True,True,0.7456798066198825,0.7215012188692614,0.32944129141837436,9.0,,video_playback_only,9.0,,174.0539907907131,256.18286652284866,,,4.093401405699567,4.093401405699567,
9,4,9:4,88.93844455016945,314.8464168032281,52.93844455016945,278.8464168032281,124.93844455016945,350.8464168032281,72.0,72.0,36.0,4071.5040790523717,,,0,tracked,True,roi_center,,-1.750606656074524,0.04375899210572243,-11.304402083158493,-1.0874302238225937,True,True,0.7456798066198825,0.7215012188692614,0.32944129141837436,9.0,,video_playback_only,9.0,,100.24284663332794,315.9338470270507,,,20.157163428781598,20.157163428781598,
9,6,9:6,62.60285128467995,392.2607355673736,22.60285128467995,352.2607355673736,102.60285128467996,432.2607355673736,80.0,80.0,40.0,5026.548245743669,,,0,tracked,True,roi_center,,-1.750606656074524,0.04375899210572243,-11.304402083158493,-1.0874302238225937,True,True,0.7456798066198825,0.7215012188692614,0.32944129141837436,9.0,,video_playback_only,9.0,,73.90725336783845,393.3481657911962,,,10.936646516850331,10.936646516850331,
9,7,9:7,64.65900523034513,479.8089965587433,25.65900523034513,440.8089965587433,103.65900523034513,518.8089965587433,78.0,78.0,39.0,4778.362426110075,,,0,tracked,True,roi_center,,-1.750606656074524,0.04375899210572243,-11.304402083158493,-1.0874302238225937,True,True,0.7456798066198825,0.7215012188692614,0.32944129141837436,9.0,,video_playback_only,9.0,,75.96340731350362,480.89642678256587,,,9.739869254554785,9.739869254554785,
10,1,10:1,196.8115233356443,124.47680546778656,165.8115233356443,93.47680546778656,227.8115233356443,155.47680546778656,62.0,62.0,31.0,3019.0705400997913,,,0,tracked,True,roi_center,,-1.7340419292449951,-0.35592907667160034,-13.038444012403488,-1.443359300494194,True,True,0.7504935413599014,0.7798310520988545,0.2193062264691145,10.0,,video_playback_only,10.0,,209.84996734804778,125.92016476828076,,,7.873653109121514,7.873653109121514,
10,2,10:2,245.43206898126303,206.43219074871763,214.43206898126303,175.43219074871763,276.432068981263,237.43219074871763,62.0,62.0,31.0,3019.0705400997913,,,0,tracked,True,roi_center,,-1.7340419292449951,-0.35592907667160034,-13.038444012403488,-1.443359300494194,True,True,0.7504935413599014,0.7798310520988545,0.2193062264691145,10.0,,video_playback_only,10.0,,258.4705129936665,207.87555004921182,,,7.560796012833911,7.560796012833911,
10,3,10:3,169.12457699858916,248.14702197140855,134.12457699858916,213.14702197140855,204.12457699858916,283.14702197140855,70.0,70.0,35.0,3848.4510006474966,,,0,tracked,True,roi_center,,-1.7340419292449951,-0.35592907667160034,-13.038444012403488,-1.443359300494194,True,True,0.7504935413599014,0.7798310520988545,0.2193062264691145,10.0,,video_playback_only,10.0,,182.16302101099265,249.59038127190274,,,9.429789890504878,9.429789890504878,
10,4,10:4,94.25807700019118,313.48639650855375,58.25807700019118,277.48639650855375,130.25807700019118,349.48639650855375,72.0,72.0,36.0,4071.5040790523717,,,0,tracked,True,roi_center,,-1.7340419292449951,-0.35592907667160034,-13.038444012403488,-1.443359300494194,True,True,0.7504935413599014,0.7798310520988545,0.2193062264691145,10.0,,video_playback_only,10.0,,107.29652101259467,314.92975580904795,,,5.490732610977368,5.490732610977368,
10,6,10:6,70.84979494510021,398.9913109156622,30.849794945100214,358.9913109156622,110.84979494510021,438.9913109156622,80.0,80.0,40.0,5026.548245743669,,,0,tracked,True,roi_center,,-1.7340419292449951,-0.35592907667160034,-13.038444012403488,-1.443359300494194,True,True,0.7504935413599014,0.7798310520988545,0.2193062264691145,10.0,,video_playback_only,10.0,,83.8882389575037,400.4346702161564,,,10.644844961629838,10.644844961629838,
10,7,10:7,78.23279349333181,483.73690304321104,39.23279349333181,444.73690304321104,117.23279349333181,522.736903043211,78.0,78.0,39.0,4778.362426110075,,,0,tracked,True,roi_center,,-1.7340419292449951,-0.35592907667160034,-13.038444012403488,-1.443359300494194,True,True,0.7504935413599014,0.7798310520988545,0.2193062264691145,10.0,,video_playback_only,10.0,,91.2712375057353,485.18026234370524,,,14.130682119385424,14.130682119385424,
11,1,11:1,211.36912224073302,122.7161286963765,180.36912224073302,91.7161286963765,242.36912224073302,153.7161286963765,62.0,62.0,31.0,3019.0705400997913,,,0,tracked,True,roi_center,,,,-13.038444012403488,-1.443359300494194,False,False,0.28826965659856796,0.29282281597964216,2.027333087359695,11.0,,video_playback_only,11.0,,,,,,14.663685368106593,14.663685368106593,
11,2,11:2,268.99981927314946,210.24791342636203,237.99981927314946,179.24791342636203,299.99981927314946,241.24791342636203,62.0,62.0,31.0,3019.0705400997913,,,0,tracked,True,roi_center,,,,-13.038444012403488,-1.443359300494194,False,False,0.28826965659856796,0.29282281597964216,2.027333087359695,11.0,,video_playback_only,11.0,,,,,,23.874643314056076,23.874643314056076,
11,3,11:3,202.03598124771204,256.75237060567054,167.03598124771204,221.75237060567054,237.03598124771204,291.75237060567054,70.0,70.0,35.0,3848.4510006474966,,,0,tracked,True,roi_center,,,,-13.038444012403488,-1.443359300494194,False,False,0.28826965659856796,0.29282281597964216,2.027333087359695,11.0,,video_playback_only,11.0,,,,,,34.017827014175644,34.017827014175644,
11,4,11:4,117.79364004556385,332.76557397797745,81.79364004556385,296.76557397797745,153.79364004556385,368.76557397797745,72.0,72.0,36.0,4071.5040790523717,,,0,tracked,True,roi_center,,,,-13.038444012403488,-1.443359300494194,False,False,0.28826965659856796,0.29282281597964216,2.027333087359695,11.0,,video_playback_only,11.0,,,,,,30.42382966952461,30.42382966952461,
11,6,11:6,67.39102914223986,404.94618213596476,27.39102914223986,364.94618213596476,107.39102914223986,444.94618213596476,80.0,80.0,40.0,5026.548245743669,,,0,tracked,True,roi_center,,,,-13.038444012403488,-1.443359300494194,False,False,0.28826965659856796,0.29282281597964216,2.027333087359695,11.0,,video_playback_only,11.0,,,,,,6.88647603128217,6.88647603128217,
11,7,11:7,56.193646397832325,496.5384025342684,17.193646397832325,457.5384025342684,95.19364639783232,535.5384025342685,78.0,78.0,39.0,4778.362426110075,,,0,tracked,True,roi_center,,,,-13.038444012403488,-1.443359300494194,False,False,0.28826965659856796,0.29282281597964216,2.027333087359695,11.0,,video_playback_only,11.0,,,,,,25.487298678294756,25.487298678294756,
12,1,12:1,212.67361979631946,124.3271012532224,181.67361979631946,93.3271012532224,243.67361979631946,155.3271012532224,62.0,62.0,31.0,3019.0705400997913,,,0,tracked,True,roi_center,,-0.141050785779953,-0.6239838004112244,-13.179494798183441,-2.0673431009054184,True,False,0.33211879193782806,0.7462153387031482,0.5149964198260488,12.0,,video_playback_only,12.0,,,,,,2.0729077286366575,2.0729077286366575,
12,2,12:2,278.2797884647166,205.9006836947673,247.2797884647166,174.9006836947673,309.2797884647166,236.9006836947673,62.0,62.0,31.0,3019.0705400997913,,,0,tracked,True,roi_center,,-0.141050785779953,-0.6239838004112244,-13.179494798183441,-2.0673431009054184,True,False,0.33211879193782806,0.7462153387031482,0.5149964198260488,12.0,,video_playback_only,12.0,,,,,,10.247742899570449,10.247742899570449,
12,3,12:3,210.85223156876393,279.3992756102453,175.85223156876393,244.3992756102453,245.85223156876393,314.3992756102453,70.0,70.0,35.0,3848.4510006474966,,,0,tracked,True,roi_center,,-0.141050785779953,-0.6239838004112244,-13.179494798183441,-2.0673431009054184,True,False,0.33211879193782806,0.7462153387031482,0.5149964198260488,12.0,,video_playback_only,12.0,,,,,,24.30243971311689,24.30243971311689,
12,4,12:4,122.84774979991381,336.218889162511,86.84774979991381,300.218889162511,158.8477497999138,372.218889162511,72.0,72.0,36.0,4071.5040790523717,,,0,tracked,True,roi_center,,-0.141050785779953,-0.6239838004112244,-13.179494798183441,-2.0673431009054184,True,False,0.33211879193782806,0.7462153387031482,0.5149964198260488,12.0,,video_playback_only,12.0,,,,,,6.121226280145627,6.121226280145627,
12,6,12:6,74.32681284111183,410.5339976986498,34.32681284111183,370.5339976986498,114.32681284111183,450.5339976986498,80.0,80.0,40.0,5026.548245743669,,,0,tracked,True,roi_center,,-0.141050785779953,-0.6239838004112244,-13.179494798183441,-2.0673431009054184,True,False,0.33211879193782806,0.7462153387031482,0.5149964198260488,12.0,,video_playback_only,12.0,,,,,,8.906670437381363,8.906670437381363,
12,7,12:7,60.58521821681458,500.5077906581778,21.58521821681458,461.5077906581778,99.58521821681458,539.5077906581778,78.0,78.0,39.0,4778.362426110075,,,0,tracked,True,roi_center,,-0.141050785779953,-0.6239838004112244,-13.179494798183441,-2.0673431009054184,True,False,0.33211879193782806,0.7462153387031482,0.5149964198260488,12.0,,video_playback_only,12.0,,,,,,5.9196237312444,5.9196237312444,
13,1,13:1,228.4311486167555,141.83350410425854,197.4311486167555,110.83350410425854,259.43114861675554,172.83350410425854,62.0,62.0,31.0,3019.0705400997913,,,0,tracked,True,roi_center,,-1.7786359786987305,-0.41231030225753784,-14.958130776882172,-2.4796534031629562,True,False,0.5543217107653617,0.587137675757575,0.15667127480297705,13.0,,video_playback_only,13.0,,,,,,23.553637836003997,23.553637836003997,
13,2,13:2,298.9242996844197,213.93865274476954,267.9242996844197,182.93865274476954,329.9242996844197,244.93865274476954,62.0,62.0,31.0,3019.0705400997913,,,0,tracked,True,roi_center,,-1.7786359786987305,-0.41231030225753784,-14.958130776882172,-2.4796534031629562,True,False,0.5543217107653617,0.587137675757575,0.15667127480297705,13.0,,video_playback_only,13.0,,,,,,22.154114515124274,22.154114515124274,
13,3,13:3,235.194834046854,281.9452130550444,200.194834046854,246.9452130550444,270.194834046854,316.9452130550444,70.0,70.0,35.0,3848.4510006474966,,,0,tracked,True,roi_center,,-1.7786359786987305,-0.41231030225753784,-14.958130776882172,-2.4796534031629562,True,False,0.5543217107653617,0.587137675757575,0.15667127480297705,13.0,,video_playback_only,13.0,,,,,,24.47537727756504,24.47537727756504,
13,4,13:4,119.05183557473346,332.43637022078457,83.05183557473346,296.43637022078457,155.05183557473345,368.43637022078457,72.0,72.0,36.0,4071.5040790523717,,,0,tracked,True,roi_center,,-1.7786359786987305,-0.41231030225753784,-14.958130776882172,-2.4796534031629562,True,False,0.5543217107653617,0.587137675757575,0.15667127480297705,13.0,,video_playback_only,13.0,,,,,,5.3587698541219195,5.3587698541219195,
13,6,13:6,76.17715983793188,407.2348294665063,36.17715983793188,367.2348294665063,116.17715983793188,447.2348294665063,80.0,80.0,40.0,5026.548245743669,,,0,tracked,True,roi_center,,-1.7786359786987305,-0.41231030225753784,-14.958130776882172,-2.4796534031629562,True,False,0.5543217107653617,0.587137675757575,0.15667127480297705,13.0,,video_playback_only,13.0,,,,,,3.78263070264937,3.78263070264937,
13,7,13:7,67.6734498494793,498.2225259821077,28.673449849479297,459.2225259821077,106.6734498494793,537.2225259821078,78.0,78.0,39.0,4778.362426110075,,,0,tracked,True,roi_center,,-1.7786359786987305,-0.41231030225753784,-14.958130776882172,-2.4796534031629562,True,False,0.5543217107653617,0.587137675757575,0.15667127480297705,13.0,,video_playback_only,13.0,,,,,,7.447513834696946,7.447513834696946,
14,1,14:1,223.67329049864415,140.40846675993575,192.67329049864415,109.40846675993575,254.67329049864415,171.40846675993575,62.0,62.0,31.0,3019.0705400997913,,,0,tracked,True,roi_center,,-1.1178871393203735,-0.5669289827346802,-16.076017916202545,-3.0465823858976364,True,False,0.5791982540488243,0.7201402305184044,0.14430207385724694,14.0,,video_playback_only,14.0,,,,,,4.9666835317737625,4.9666835317737625,
14,2,14:2,305.74319305408665,218.76300104123112,274.74319305408665,187.76300104123112,336.74319305408665,249.76300104123112,62.0,62.0,31.0,3019.0705400997913,,,0,tracked,True,roi_center,,-1.1178871393203735,-0.5669289827346802,-16.076017916202545,-3.0465823858976364,True,False,0.5791982540488243,0.7201402305184044,0.14430207385724694,14.0,,video_playback_only,14.0,,,,,,8.35294219257262,8.35294219257262,
14,3,14:3,247.70784331261459,284.6590238340115,212.70784331261459,249.65902383401152,282.7078433126146,319.6590238340115,70.0,70.0,35.0,3848.4510006474966,,,0,tracked,True,roi_center,,-1.1178871393203735,-0.5669289827346802,-16.076017916202545,-3.0465823858976364,True,False,0.5791982540488243,0.7201402305184044,0.14430207385724694,14.0,,video_playback_only,14.0,,,,,,12.803912286057274,12.803912286057274,
14,4,14:4,105.7550848376697,325.672002090132,69.7550848376697,289.672002090132,141.7550848376697,361.672002090132,72.0,72.0,36.0,4071.5040790523717,,,0,tracked,True,roi_center,,-1.1178871393203735,-0.5669289827346802,-16.076017916202545,-3.0465823858976364,True,False,0.5791982540488243,0.7201402305184044,0.14430207385724694,14.0,,video_playback_only,14.0,,,,,,14.918453551578107,14.918453551578107,
14,6,14:6,79.24559963367508,408.8538609305546,39.245599633675084,368.8538609305546,119.24559963367508,448.8538609305546,80.0,80.0,40.0,5026.548245743669,,,0,tracked,True,roi_center,,-1.1178871393203735,-0.5669289827346802,-16.076017916202545,-3.0465823858976364,True,False,0.5791982540488243,0.7201402305184044,0.14430207385724694,14.0,,video_playback_only,14.0,,,,,,3.469378281721234,3.469378281721234,
14,7,14:7,72.47781895952076,505.2767932226617,33.47781895952076,466.2767932226617,111.47781895952076,544.2767932226617,78.0,78.0,39.0,4778.362426110075,,,0,tracked,True,roi_center,,-1.1178871393203735,-0.5669289827346802,-16.076017916202545,-3.0465823858976364,True,False,0.5791982540488243,0.7201402305184044,0.14430207385724694,14.0,,video_playback_only,14.0,,,,,,8.534907664800711,8.534907664800711,
15,1,15:1,241.64702078943566,149.08960832490243,210.64702078943566,118.08960832490243,272.64702078943566,180.08960832490243,62.0,62.0,31.0,3019.0705400997913,,,0,tracked,True,roi_center,,-0.1465589553117752,0.1956213116645813,-16.22257687151432,-2.850961074233055,True,False,0.5423684552311897,0.6975298702610322,0.28094433734483204,15.0,,video_playback_only,15.0,,,,,,19.960390763637577,19.960390763637577,
15,2,15:2,317.39981039696636,227.99401190419047,286.39981039696636,196.99401190419047,348.39981039696636,258.9940119041905,62.0,62.0,31.0,3019.0705400997913,,,0,tracked,True,roi_center,,-0.1465589553117752,0.1956213116645813,-16.22257687151432,-2.850961074233055,True,False,0.5423684552311897,0.6975298702610322,0.28094433734483204,15.0,,video_playback_only,15.0,,,,,,14.86903794569096,14.86903794569096,
15,3,15:3,263.05448726155424,277.4821533734477,228.05448726155424,242.48215337344772,298.05448726155424,312.4821533734477,70.0,70.0,35.0,3848.4510006474966,,,0,tracked,True,roi_center,,-0.1465589553117752,0.1956213116645813,-16.22257687151432,-2.850961074233055,True,False,0.5423684552311897,0.6975298702610322,0.28094433734483204,15.0,,video_playback_only,15.0,,,,,,16.94186973457297,16.94186973457297,
15,4,15:4,120.17693285873145,330.5217747556492,84.17693285873145,294.5217747556492,156.17693285873145,366.5217747556492,72.0,72.0,36.0,4071.5040790523717,,,0,tracked,True,roi_center,,-0.1465589553117752,0.1956213116645813,-16.22257687151432,-2.850961074233055,True,False,0.5423684552311897,0.6975298702610322,0.28094433734483204,15.0,,video_playback_only,15.0,,,,,,15.215452515446263,15.215452515446263,
15,6,15:6,86.01916200248756,415.20236707089555,46.01916200248756,375.20236707089555,126.01916200248756,455.20236707089555,80.0,80.0,40.0,5026.548245743669,,,0,tracked,True,roi_center,,-0.1465589553117752,0.1956213116645813,-16.22257687151432,-2.850961074233055,True,False,0.5423684552311897,0.6975298702610322,0.28094433734483204,15.0,,video_playback_only,15.0,,,,,,9.283570292626592,9.283570292626592,
15,7,15:7,79.21579217847821,505.41561281351085,40.21579217847821,466.41561281351085,118.21579217847821,544.4156128135108,78.0,78.0,39.0,4778.362426110075,,,0,tracked,True,roi_center,,-0.1465589553117752,0.1956213116645813,-16.22257687151432,-2.850961074233055,True,False,0.5423684552311897,0.6975298702610322,0.28094433734483204,15.0,,video_playback_only,15.0,,,,,,6.739403087677078,6.739403087677078,
16,1,16:1,232.28839730828082,139.25165764491024,201.28839730828082,108.25165764491024,263.2883973082808,170.25165764491024,62.0,62.0,31.0,3019.0705400997913,,,0,tracked,True,roi_center,,-1.7859870195388794,-1.2253087759017944,-18.0085638910532,-4.0762698501348495,True,False,0.5827353635430336,0.645837747786862,0.29592600248782114,16.0,,video_playback_only,16.0,,,,,,13.578258616036942,13.578258616036942,
16,2,16:2,339.47789948922804,239.52426426988734,308.47789948922804,208.52426426988734,370.47789948922804,270.52426426988734,62.0,62.0,31.0,3019.0705400997913,,,0,tracked,True,roi_center,,-1.7859870195388794,-1.2253087759017944,-18.0085638910532,-4.0762698501348495,True,False,0.5827353635430336,0.645837747786862,0.29592600248782114,16.0,,video_playback_only,16.0,,,,,,24.907604011275396,24.907604011275396,
16,3,16:3,272.7360330388895,293.76994378800043,237.7360330388895,258.76994378800043,307.7360330388895,328.76994378800043,70.0,70.0,35.0,3848.4510006474966,,,0,tracked,True,roi_center,,-1.7859870195388794,-1.2253087759017944,-18.0085638910532,-4.0762698501348495,True,False,0.5827353635430336,0.645837747786862,0.29592600248782114,16.0,,video_playback_only,16.0,,,,,,18.947940395384233,18.947940395384233,
16,4,16:4,108.37196204746658,325.5338436013429,72.37196204746658,289.5338436013429,144.37196204746658,361.5338436013429,72.0,72.0,36.0,4071.5040790523717,,,0,tracked,True,roi_center,,-1.7859870195388794,-1.2253087759017944,-18.0085638910532,-4.0762698501348495,True,False,0.5827353635430336,0.645837747786862,0.29592600248782114,16.0,,video_playback_only,16.0,,,,,,12.815490355617095,12.815490355617095,
16,6,16:6,94.39556035331094,423.2771618228555,54.39556035331094,383.2771618228555,134.39556035331094,463.2771618228555,80.0,80.0,40.0,5026.548245743669,,,0,tracked,True,roi_center,,-1.7859870195388794,-1.2253087759017944,-18.0085638910532,-4.0762698501348495,True,False,0.5827353635430336,0.645837747786862,0.29592600248782114,16.0,,video_playback_only,16.0,,,,,,11.63470496480062,11.63470496480062,
16,7,,,,,,,,78.0,78.0,39.0,4778.362426110075,,,0,lost,False,roi_center,,-1.7859870195388794,-1.2253087759017944,-18.0085638910532,-4.0762698501348495,True,False,0.5827353635430336,0.645837747786862,0.29592600248782114,16.0,,video_playback_only,16.0,,,,,,,,
17,1,17:1,247.81424799081515,145.2378530424799,216.81424799081515,114.23785304247991,278.81424799081515,176.2378530424799,62.0,62.0,31.0,3019.0705400997913,,,0,tracked,True,roi_center,,-1.6327760219573975,0.751818060874939,-19.641339913010597,-3.3244517892599106,True,False,0.7286203317344189,0.7575744406423678,0.4201255990912613,17.0,,video_playback_only,17.0,,,,,,16.63990909693427,16.63990909693427,
17,2,17:2,355.95556893881667,245.10202551559695,324.95556893881667,214.10202551559695,386.95556893881667,276.10202551559695,62.0,62.0,31.0,3019.0705400997913,,,0,tracked,True,roi_center,,-1.6327760219573975,0.751818060874939,-19.641339913010597,-3.3244517892599106,True,False,0.7286203317344189,0.7575744406423678,0.4201255990912613,17.0,,video_playback_only,17.0,,,,,,17.396120573393556,17.396120573393556,
17,3,17:3,272.54583675509696,303.2204805941372,237.54583675509696,268.2204805941372,307.54583675509696,338.2204805941372,70.0,70.0,35.0,3848.4510006474966,,,0,tracked,True,roi_center,,-1.6327760219573975,0.751818060874939,-19.641339913010597,-3.3244517892599106,True,False,0.7286203317344189,0.7575744406423678,0.4201255990912613,17.0,,video_playback_only,17.0,,,,,,9.452450505054985,9.452450505054985,
17,4,17:4,109.13495365992057,326.48528820692263,73.13495365992057,290.48528820692263,145.13495365992057,362.48528820692263,72.0,72.0,36.0,4071.5040790523717,,,0,tracked,True,roi_center,,-1.6327760219573975,0.751818060874939,-19.641339913010597,-3.3244517892599106,True,False,0.7286203317344189,0.7575744406423678,0.4201255990912613,17.0,,video_playback_only,17.0,,,,,,1.219591340639128,1.219591340639128,
17,6,17:6,75.92854522230678,417.1594195021198,35.92854522230678,377.1594195021198,115.92854522230678,457.1594195021198,80.0,80.0,40.0,5026.548245743669,,,0,tracked,True,roi_center,,-1.6327760219573975,0.751818060874939,-19.641339913010597,-3.3244517892599106,True,False,0.7286203317344189,0.7575744406423678,0.4201255990912613,17.0,,video_playback_only,17.0,,,,,,19.453982084695582,19.453982084695582,
17,7,,,,,,,,78.0,78.0,39.0,4778.362426110075,,,0,lost,False,roi_center,,-1.6327760219573975,0.751818060874939,-19.641339913010597,-3.3244517892599106,True,False,0.7286203317344189,0.7575744406423678,0.4201255990912613,17.0,,video_playback_only,17.0,,,,,,,,
18,1,18:1,259.39645441639834,152.125076463188,228.39645441639834,121.12507646318801,290.39645441639834,183.125076463188,62.0,62.0,31.0,3019.0705400997913,,,0,tracked,True,roi_center,,-0.6224638223648071,0.01768410950899124,-20.263803735375404,-3.3067676797509193,True,False,0.4930086202919483,0.6266338383837462,0.16900930871569933,18.0,,video_playback_only,18.0,,,,,,13.47521250784457,13.47521250784457,
18,2,18:2,384.7990788632533,246.36752484454001,353.7990788632533,215.36752484454001,415.7990788632533,277.36752484454,62.0,62.0,31.0,3019.0705400997913,,,0,tracked,True,roi_center,,-0.6224638223648071,0.01768410950899124,-20.263803735375404,-3.3067676797509193,True,False,0.4930086202919483,0.6266338383837462,0.16900930871569933,18.0,,video_playback_only,18.0,,,,,,28.871258256484623,28.871258256484623,
18,3,18:3,278.43658341854245,291.83737901474933,243.43658341854245,256.83737901474933,313.43658341854245,326.83737901474933,70.0,70.0,35.0,3848.4510006474966,,,0,tracked,True,roi_center,,-0.6224638223648071,0.01768410950899124,-20.263803735375404,-3.3067676797509193,True,False,0.4930086202919483,0.6266338383837462,0.16900930871569933,18.0,,video_playback_only,18.0,,,,,,12.817015948322638,12.817015948322638,
18,4,18:4,132.56476770676392,332.55831895830147,96.56476770676392,296.55831895830147,168.56476770676392,368.55831895830147,72.0,72.0,36.0,4071.5040790523717,,,0,tracked,True,roi_center,,-0.6224638223648071,0.01768410950899124,-20.263803735375404,-3.3067676797509193,True,False,0.4930086202919483,0.6266338383837462,0.16900930871569933,18.0,,video_playback_only,18.0,,,,,,24.204088265763097,24.204088265763097,
18,6,18:6,91.45797249535168,428.8718906514347,51.45797249535168,388.8718906514347,131.45797249535167,468.8718906514347,80.0,80.0,40.0,5026.548245743669,,,0,tracked,True,roi_center,,-0.6224638223648071,0.01768410950899124,-20.263803735375404,-3.3067676797509193,True,False,0.4930086202919483,0.6266338383837462,0.16900930871569933,18.0,,video_playback_only,18.0,,,,,,19.451094875413155,19.451094875413155,
18,7,18:7,113.84958312063978,461.60976405195396,74.84958312063978,422.60976405195396,152.84958312063978,500.60976405195396,78.0,78.0,39.0,4778.362426110075,,,0,tracked,True,roi_center,,-0.6224638223648071,0.01768410950899124,-20.263803735375404,-3.3067676797509193,True,False,0.4930086202919483,0.6266338383837462,0.16900930871569933,18.0,,video_playback_only,18.0,,,,,,,,
19,1,19:1,239.09677523241083,151.7599029563948,208.09677523241083,120.7599029563948,270.09677523241083,182.7599029563948,62.0,62.0,31.0,3019.0705400997913,,,0,tracked,True,roi_center,,-2.4402551651000977,-0.4013436734676361,-22.704058900475502,-3.7081113532185555,True,False,0.6928149533271789,0.6166289943098457,0.5603264828847404,19.0,,video_playback_only,19.0,,,,,,20.302963494595545,20.302963494595545,
19,2,19:2,417.07591360040186,265.97023734773325,386.07591360040186,234.97023734773325,448.07591360040186,296.97023734773325,62.0,62.0,31.0,3019.0705400997913,,,0,tracked,True,roi_center,,-2.4402551651000977,-0.4013436734676361,-22.704058900475502,-3.7081113532185555,True,False,0.6928149533271789,0.6166289943098457,0.5603264828847404,19.0,,video_playback_only,19.0,,,,,,37.76321488078109,37.76321488078109,
19,3,19:3,273.9245646458599,302.5596480724679,238.9245646458599,267.5596480724679,308.9245646458599,337.5596480724679,70.0,70.0,35.0,3848.4510006474966,,,0,tracked,True,roi_center,,-2.4402551651000977,-0.4013436734676361,-22.704058900475502,-3.7081113532185555,True,False,0.6928149533271789,0.6166289943098457,0.5603264828847404,19.0,,video_playback_only,19.0,,,,,,11.632943185245455,11.632943185245455,
19,4,19:4,137.43271223537158,335.2303356640648,101.43271223537158,299.2303356640648,173.43271223537158,371.2303356640648,72.0,72.0,36.0,4071.5040790523717,,,0,tracked,True,roi_center,,-2.4402551651000977,-0.4013436734676361,-22.704058900475502,-3.7081113532185555,True,False,0.6928149533271789,0.6166289943098457,0.5603264828847404,19.0,,video_playback_only,19.0,,,,,,5.553067369434627,5.553067369434627,
19,6,19:6,88.64381037344702,427.70425511688956,48.643810373447025,387.70425511688956,128.64381037344702,467.70425511688956,80.0,80.0,40.0,5026.548245743669,,,0,tracked,True,roi_center,,-2.4402551651000977,-0.4013436734676361,-22.704058900475502,-3.7081113532185555,True,False,0.6928149533271789,0.6166289943098457,0.5603264828847404,19.0,,video_playback_only,19.0,,,,,,3.0467821041051515,3.0467821041051515,
19,7,,,,,,,,78.0,78.0,39.0,4778.362426110075,,,0,lost,False,roi_center,,-2.4402551651000977,-0.4013436734676361,-22.704058900475502,-3.7081113532185555,True,False,0.6928149533271789,0.6166289943098457,0.5603264828847404,19.0,,video_playback_only,19.0,,,,,,,,
20,1,20:1,233.37588506221215,157.32700900529318,202.37588506221215,126.32700900529318,264.37588506221215,188.32700900529318,62.0,62.0,31.0,3019.0705400997913,,,0,tracked,True,roi_center,,-1.4952300786972046,-0.7351083755493164,-24.199288979172707,-4.443219728767872,True,False,0.6265243766456843,0.6548109285668472,0.3290933259459037,20.0,,video_playback_only,20.0,,,,,,7.9825593702243705,7.9825593702243705,
20,2,20:2,440.3734923921259,273.1661572841697,409.3734923921259,242.16615728416969,471.3734923921259,304.1661572841697,62.0,62.0,31.0,3019.0705400997913,,,0,tracked,True,roi_center,,-1.4952300786972046,-0.7351083755493164,-24.199288979172707,-4.443219728767872,True,False,0.6265243766456843,0.6548109285668472,0.3290933259459037,20.0,,video_playback_only,20.0,,,,,,24.383569084286936,24.383569084286936,
20,3,20:3,287.8416039117549,322.88490768396895,252.84160391175487,287.88490768396895,322.8416039117549,357.88490768396895,70.0,70.0,35.0,3848.4510006474966,,,0,tracked,True,roi_center,,-1.4952300786972046,-0.7351083755493164,-24.199288979172707,-4.443219728767872,True,False,0.6265243766456843,0.6548109285668472,0.3290933259459037,20.0,,video_playback_only,20.0,,,,,,24.633314032086272,24.633314032086272,
20,4,20:4,110.27164121464492,330.0057508416378,74.27164121464492,294.0057508416378,146.27164121464492,366.0057508416378,72.0,72.0,36.0,4071.5040790523717,,,0,tracked,True,roi_center,,-1.4952300786972046,-0.7351083755493164,-24.199288979172707,-4.443219728767872,True,False,0.6265243766456843,0.6548109285668472,0.3290933259459037,20.0,,video_playback_only,20.0,,,,,,27.65899610542097,27.65899610542097,
20,6,20:6,97.40879652005799,437.3263734493314,57.40879652005799,397.3263734493314,137.408796520058,477.3263734493314,80.0,80.0,40.0,5026.548245743669,,,0,tracked,True,roi_center,,-1.4952300786972046,-0.7351083755493164,-24.199288979172707,-4.443219728767872,True,False,0.6265243766456843,0.6548109285668472,0.3290933259459037,20.0,,video_playback_only,20.0,,,,,,13.01576518510517,13.01576518510517,
20,7,,,,,,,,78.0,78.0,39.0,4778.362426110075,,,0,lost,False,roi_center,,-1.4952300786972046,-0.7351083755493164,-24.199288979172707,-4.443219728767872,True,False,0.6265243766456843,0.6548109285668472,0.3290933259459037,20.0,,video_playback_only,20.0,,,,,,,,
21,1,21:1,241.47326014967015,151.73145419936898,210.47326014967015,120.73145419936898,272.4732601496702,182.73145419936898,62.0,62.0,31.0,3019.0705400997913,,,0,tracked,True,roi_center,,-0.3974071145057678,-0.05182512104511261,-24.596696093678474,-4.4950448498129845,True,False,0.572416954934597,0.7301097528140925,0.2474571754680687,21.0,,video_playback_only,21.0,,,,,,9.842647859853917,9.842647859853917,
21,2,21:2,444.0091151228174,282.5875554897899,413.0091151228174,251.5875554897899,475.0091151228174,313.5875554897899,62.0,62.0,31.0,3019.0705400997913,,,0,tracked,True,roi_center,,-0.3974071145057678,-0.05182512104511261,-24.596696093678474,-4.4950448498129845,True,False,0.572416954934597,0.7301097528140925,0.2474571754680687,21.0,,video_playback_only,21.0,,,,,,10.098539339369056,10.098539339369056,
21,3,21:3,292.4197248019201,334.9767895375636,257.4197248019201,299.9767895375636,327.4197248019201,369.9767895375636,70.0,70.0,35.0,3848.4510006474966,,,0,tracked,True,roi_center,,-0.3974071145057678,-0.05182512104511261,-24.596696093678474,-4.4950448498129845,True,False,0.572416954934597,0.7301097528140925,0.2474571754680687,21.0,,video_playback_only,21.0,,,,,,12.92953199641267,12.92953199641267,
21,4,21:4,145.39643509792478,337.08829973497643,109.39643509792478,301.08829973497643,181.39643509792478,373.08829973497643,72.0,72.0,36.0,4071.5040790523717,,,0,tracked,True,roi_center,,-0.3974071145057678,-0.05182512104511261,-24.596696093678474,-4.4950448498129845,True,False,0.572416954934597,0.7301097528140925,0.2474571754680687,21.0,,video_playback_only,21.0,,,,,,35.831740735965184,35.831740735965184,
21,6,21:6,95.33600254259625,442.1640439683106,55.33600254259625,402.1640439683106,135.33600254259625,482.1640439683106,80.0,80.0,40.0,5026.548245743669,,,0,tracked,True,roi_center,,-0.3974071145057678,-0.05182512104511261,-24.596696093678474,-4.4950448498129845,True,False,0.572416954934597,0.7301097528140925,0.2474571754680687,21.0,,video_playback_only,21.0,,,,,,5.26303438362337,5.26303438362337,
21,7,,,,,,,,78.0,78.0,39.0,4778.362426110075,,,0,lost,False,roi_center,,-0.3974071145057678,-0.05182512104511261,-24.596696093678474,-4.4950448498129845,True,False,0.572416954934597,0.7301097528140925,0.2474571754680687,21.0,,video_playback_only,21.0,,,,,,,,
22,1,22:1,265.8691858964431,133.37215425120024,234.86918589644313,102.37215425120024,296.8691858964431,164.37215425120024,62.0,62.0,31.0,3019.0705400997913,,,0,tracked,True,roi_center,,-1.6333461999893188,-0.7947693467140198,-26.230042293667793,-5.289814196527004,True,False,0.6422720162570477,0.5263165879352085,0.1513741106243814,22.0,,video_playback_only,22.0,,,,,,30.532361317606753,30.532361317606753,
22,2,22:2,468.7606247184262,285.1054024628323,437.7606247184262,254.10540246283227,499.7606247184262,316.1054024628323,62.0,62.0,31.0,3019.0705400997913,,,0,tracked,True,roi_center,,-1.6333461999893188,-0.7947693467140198,-26.230042293667793,-5.289814196527004,True,False,0.6422720162570477,0.5263165879352085,0.1513741106243814,22.0,,video_playback_only,22.0,,,,,,24.879243972459722,24.879243972459722,
22,3,22:3,322.59201544243604,306.58956101551917,287.59201544243604,271.58956101551917,357.59201544243604,341.58956101551917,70.0,70.0,35.0,3848.4510006474966,,,0,tracked,True,roi_center,,-1.6333461999893188,-0.7947693467140198,-26.230042293667793,-5.289814196527004,True,False,0.6422720162570477,0.5263165879352085,0.1513741106243814,22.0,,video_playback_only,22.0,,,,,,41.42706682422181,41.42706682422181,
22,4,22:4,120.58572551670426,322.269472384885,84.58572551670426,286.269472384885,156.58572551670426,358.269472384885,72.0,72.0,36.0,4071.5040790523717,,,0,tracked,True,roi_center,,-1.6333461999893188,-0.7947693467140198,-26.230042293667793,-5.289814196527004,True,False,0.6422720162570477,0.5263165879352085,0.1513741106243814,22.0,,video_playback_only,22.0,,,,,,28.899289852096473,28.899289852096473,
22,6,22:6,102.91087097490964,455.2517243099359,62.91087097490964,415.2517243099359,142.91087097490964,495.2517243099359,80.0,80.0,40.0,5026.548245743669,,,0,tracked,True,roi_center,,-1.6333461999893188,-0.7947693467140198,-26.230042293667793,-5.289814196527004,True,False,0.6422720162570477,0.5263165879352085,0.1513741106243814,22.0,,video_playback_only,22.0,,,,,,15.121706533702618,15.121706533702618,
22,7,,,,,,,,78.0,78.0,39.0,4778.362426110075,,,0,lost,False,roi_center,,-1.6333461999893188,-0.7947693467140198,-26.230042293667793,-5.289814196527004,True,False,0.6422720162570477,0.5263165879352085,0.1513741106243814,22.0,,video_playback_only,22.0,,,,,,,,
23,1,23:1,291.87926873328996,121.9590143796517,260.87926873328996,90.9590143796517,322.87926873328996,152.9590143796517,62.0,62.0,31.0,3019.0705400997913,,,0,tracked,True,roi_center,,-1.249381184577942,-0.7976738214492798,-27.479423478245735,-6.087488017976284,True,False,0.6701151776313782,0.5885014532538552,0.08824851534614538,23.0,,video_playback_only,23.0,,,,,,28.40394639670983,28.40394639670983,
23,2,,,,,,,,62.0,62.0,31.0,3019.0705400997913,,,0,lost,False,roi_center,,-1.249381184577942,-0.7976738214492798,-27.479423478245735,-6.087488017976284,True,False,0.6701151776313782,0.5885014532538552,0.08824851534614538,23.0,,video_playback_only,23.0,,,,,,,,
23,3,23:3,326.9174274946087,320.23156377854366,291.9174274946087,285.23156377854366,361.9174274946087,355.23156377854366,70.0,70.0,35.0,3848.4510006474966,,,0,tracked,True,roi_center,,-1.249381184577942,-0.7976738214492798,-27.479423478245735,-6.087488017976284,True,False,0.6701151776313782,0.5885014532538552,0.08824851534614538,23.0,,video_playback_only,23.0,,,,,,14.311304231531402,14.311304231531402,
23,4,23:4,105.53331124025044,325.23459303357754,69.53331124025044,289.23459303357754,141.53331124025044,361.23459303357754,72.0,72.0,36.0,4071.5040790523717,,,0,tracked,True,roi_center,,-1.249381184577942,-0.7976738214492798,-27.479423478245735,-6.087488017976284,True,False,0.6701151776313782,0.5885014532538552,0.08824851534614538,23.0,,video_playback_only,23.0,,,,,,15.341679047982124,15.341679047982124,
23,6,23:6,100.97475163356101,453.64316392481174,60.97475163356101,413.64316392481174,140.97475163356103,493.64316392481174,80.0,80.0,40.0,5026.548245743669,,,0,tracked,True,roi_center,,-1.249381184577942,-0.7976738214492798,-27.479423478245735,-6.087488017976284,True,False,0.6701151776313782,0.5885014532538552,0.08824851534614538,23.0,,video_playback_only,23.0,,,,,,2.517146125383883,2.517146125383883,
23,7,,,,,,,,78.0,78.0,39.0,4778.362426110075,,,0,lost,False,roi_center,,-1.249381184577942,-0.7976738214492798,-27.479423478245735,-6.087488017976284,True,False,0.6701151776313782,0.5885014532538552,0.08824851534614538,23.0,,video_playback_only,23.0,,,,,,,,
24,1,24:1,298.57257358093904,133.24633555244102,267.57257358093904,102.24633555244102,329.57257358093904,164.24633555244102,62.0,62.0,31.0,3019.0705400997913,,,0,tracked,True,roi_center,,-0.7596224546432495,-0.6291053891181946,-28.239045932888985,-6.716593407094479,True,False,0.47045375645160675,0.5975174401685386,0.47815438286619916,24.0,,video_playback_only,24.0,,,,,,13.122650229327178,13.122650229327178,
24,2,,,,,,,,62.0,62.0,31.0,3019.0705400997913,,,0,lost,False,roi_center,,-0.7596224546432495,-0.6291053891181946,-28.239045932888985,-6.716593407094479,True,False,0.47045375645160675,0.5975174401685386,0.47815438286619916,24.0,,video_playback_only,24.0,,,,,,,,
24,3,24:3,330.85520940747205,346.3837550567145,295.85520940747205,311.3837550567145,365.85520940747205,381.3837550567145,70.0,70.0,35.0,3848.4510006474966,,,0,tracked,True,roi_center,,-0.7596224546432495,-0.6291053891181946,-28.239045932888985,-6.716593407094479,True,False,0.47045375645160675,0.5975174401685386,0.47815438286619916,24.0,,video_playback_only,24.0,,,,,,26.446989148924096,26.446989148924096,
24,4,24:4,112.90634229752837,324.21736137327616,76.90634229752837,288.21736137327616,148.90634229752837,360.21736137327616,72.0,72.0,36.0,4071.5040790523717,,,0,tracked,True,roi_center,,-0.7596224546432495,-0.6291053891181946,-28.239045932888985,-6.716593407094479,True,False,0.47045375645160675,0.5975174401685386,0.47815438286619916,24.0,,video_playback_only,24.0,,,,,,7.442872242777271,7.442872242777271,
24,6,24:6,105.17781858414769,455.6923901269181,65.17781858414769,415.6923901269181,145.1778185841477,495.6923901269181,80.0,80.0,40.0,5026.548245743669,,,0,tracked,True,roi_center,,-0.7596224546432495,-0.6291053891181946,-28.239045932888985,-6.716593407094479,True,False,0.47045375645160675,0.5975174401685386,0.47815438286619916,24.0,,video_playback_only,24.0,,,,,,4.676013239770947,4.676013239770947,
24,7,,,,,,,,78.0,78.0,39.0,4778.362426110075,,,0,lost,False,roi_center,,-0.7596224546432495,-0.6291053891181946,-28.239045932888985,-6.716593407094479,True,False,0.47045375645160675,0.5975174401685386,0.47815438286619916,24.0,,video_playback_only,24.0,,,,,,,,
25,1,25:1,291.4310244109681,135.10638862827707,260.4310244109681,104.10638862827707,322.4310244109681,166.10638862827707,62.0,62.0,31.0,3019.0705400997913,,,0,tracked,True,roi_center,,-0.7765304446220398,0.052166033536195755,-29.015576377511024,-6.664427373558283,True,False,0.5390855313837528,0.7082529224789432,0.28636835372728686,25.0,,video_playback_only,25.0,,,,,,7.379805010434857,7.379805010434857,
25,2,,,,,,,,62.0,62.0,31.0,3019.0705400997913,,,0,lost,False,roi_center,,-0.7765304446220398,0.052166033536195755,-29.015576377511024,-6.664427373558283,True,False,0.5390855313837528,0.7082529224789432,0.28636835372728686,25.0,,video_playback_only,25.0,,,,,,,,
25,3,25:3,354.0672186244774,356.1076669047814,319.0672186244774,321.1076669047814,389.0672186244774,391.1076669047814,70.0,70.0,35.0,3848.4510006474966,,,0,tracked,True,roi_center,,-0.7765304446220398,0.052166033536195755,-29.015576377511024,-6.664427373558283,True,False,0.5390855313837528,0.7082529224789432,0.28636835372728686,25.0,,video_playback_only,25.0,,,,,,25.166482342975886,25.166482342975886,
25,4,25:4,121.45911292152009,328.19128307804596,85.45911292152009,292.19128307804596,157.4591129215201,364.19128307804596,72.0,72.0,36.0,4071.5040790523717,,,0,tracked,True,roi_center,,-0.7765304446220398,0.052166033536195755,-29.015576377511024,-6.664427373558283,True,False,0.5390855313837528,0.7082529224789432,0.28636835372728686,25.0,,video_playback_only,25.0,,,,,,9.430903406474703,9.430903406474703,
25,6,25:6,110.67288951573944,460.4772584666471,70.67288951573944,420.4772584666471,150.67288951573943,500.4772584666471,80.0,80.0,40.0,5026.548245743669,,,0,tracked,True,roi_center,,-0.7765304446220398,0.052166033536195755,-29.015576377511024,-6.664427373558283,True,False,0.5390855313837528,0.7082529224789432,0.28636835372728686,25.0,,video_playback_only,25.0,,,,,,7.286341302173909,7.286341302173909,
25,7,,,,,,,,78.0,78.0,39.0,4778.362426110075,,,0,lost,False,roi_center,,-0.7765304446220398,0.052166033536195755,-29.015576377511024,-6.664427373558283,True,False,0.5390855313837528,0.7082529224789432,0.28636835372728686,25.0,,video_playback_only,25.0,,,,,,,,
