frame,track_id,detection_id,center_x,center_y,x1,y1,x2,y2,width,height,radius_px,roi_area_px2,mask_area_px2,confidence,class_id,status,observed,coordinate_type,quality_reason,backend_track_id,bbox_area_px2,dx,dy,drift_x,drift_y,valid,cumulative_valid,phase_response,ecc_score,disagreement,video_time_s,acquisition_time_s,time_basis,timestamp,nm_per_pixel,x_background_relative_px,y_background_relative_px,x_nm,y_nm,step_px,speed_px_per_video_s,speed_nm_per_acquisition_s
0,1,0:0,29.9661236,38.7971077,17.0293922,25.3153381,42.9028549,52.2788773,25.8734627,26.9635391,12.0000000,452.3893421,,0.1546907,0,seed,True,learned_detection_box_center,,1,697.6401232,0.0000000,0.0000000,0.0000000,0.0000000,True,True,1.0000000,1.0000000,0.0000000,0.0000000,,video_playback_only,0.0000000,,29.9661236,38.7971077,,,,,
1,1,1:0,30.9933796,38.7649193,18.1440163,25.3641472,43.8427429,52.1656914,25.6987267,26.8015442,12.0000000,452.3893421,,0.1658293,0,tracked,True,learned_detection_box_center,,1,688.7655580,0.9847025,-0.0002396,0.9847025,-0.0002396,True,True,0.9629924,0.9994940,0.1190875,0.2000000,,video_playback_only,0.2000000,,30.0086771,38.7651589,,,1.0277602,5.1388010,
2,1,2:0,31.8343239,38.8225546,18.8450966,25.3431911,44.8235512,52.3019180,25.9784546,26.9587269,12.0000000,452.3893421,,0.1539847,0,tracked,True,learned_detection_box_center,,1,700.3460621,1.0356605,0.0290011,2.0203630,0.0287615,True,True,0.9954706,0.9991326,0.0942785,0.4000000,,video_playback_only,0.4000000,,29.8139609,38.7937931,,,0.8429170,4.2145852,
3,1,3:0,33.0015192,38.8054342,20.2420444,25.6741314,45.7609940,51.9367371,25.5189495,26.2626057,12.0000000,452.3893421,,0.1475572,0,tracked,True,learned_detection_box_center,,1,670.1941080,0.9877270,0.0161530,3.0080900,0.0449146,True,True,0.9859028,0.9995304,0.0500909,0.6000000,,video_playback_only,0.6000000,,29.9934292,38.7605197,,,1.1673209,5.8366044,
4,1,4:0,34.2125435,38.8140345,21.3655243,25.6636982,47.0595627,51.9643707,25.6940384,26.3006725,12.0000000,452.3893421,,0.1667756,0,tracked,True,learned_detection_box_center,,1,675.7704897,0.9824254,-0.0044831,3.9905154,0.0404314,True,True,1.0203544,0.9995404,0.0917595,0.8000000,,video_playback_only,0.8000000,,30.2220281,38.7736030,,,1.2110548,6.0552741,
5,1,5:0,35.0268669,38.7773628,22.5843849,25.5550346,47.4693489,51.9996910,24.8849640,26.4446564,12.0000000,452.3893421,,0.1611855,0,tracked,True,learned_detection_box_center,,1,658.0743215,0.9991247,0.0002424,4.9896401,0.0406738,True,True,0.9560816,0.9995862,0.1112677,1.0000000,,video_playback_only,1.0000000,,30.0372268,38.7366890,,,0.8151487,4.0757436,
6,1,6:0,35.7645197,38.8327265,23.5025349,25.4728794,48.0265045,52.1925735,24.5239697,26.7196941,12.0000000,452.3893421,,0.1652055,0,tracked,True,learned_detection_box_center,,1,655.2729681,1.0176278,-0.0197238,6.0072680,0.0209500,True,True,1.0294772,0.9994621,0.0395796,1.2000000,,video_playback_only,1.2000000,,29.7572517,38.8117764,,,0.7397275,3.6986374,
7,1,7:0,36.4930115,38.7983208,24.0630341,25.3961220,48.9229889,52.2005196,24.8599548,26.8043976,12.0000000,452.3893421,,0.1507346,0,tracked,True,learned_detection_box_center,,1,666.3561133,0.9732576,0.0299501,6.9805256,0.0509001,True,True,1.0292401,0.9994973,0.0876361,1.4000000,,video_playback_only,1.4000000,,29.5124859,38.7474207,,,0.7293038,3.6465190,
8,1,8:0,30.0486069,38.8154068,17.0624771,25.3424911,43.0347366,52.2883224,25.9722595,26.9458313,12.0000000,452.3893421,,0.1530305,0,tracked,True,learned_detection_box_center,,1,699.8441235,,,6.9805256,0.0509001,False,False,0.0349969,0.9995315,6.5565471,1.6000000,,video_playback_only,1.6000000,,,,,,6.4444273,32.2221363,
9,1,9:0,30.9183292,38.8048563,18.0233498,25.3282719,43.8133087,52.2814407,25.7899590,26.9531689,12.0000000,452.3893421,,0.1618192,0,tracked,True,learned_detection_box_center,,1,695.1211188,1.0329896,-0.0017349,8.0135152,0.0491652,True,False,0.9930087,0.9994154,0.0767625,1.8000000,,video_playback_only,1.8000000,,,,,,0.8697864,4.3489318,
10,1,10:0,31.7170811,38.8795738,18.8640404,25.4275780,44.5701218,52.3315697,25.7060814,26.9039917,12.0000000,452.3893421,,0.1543602,0,tracked,True,learned_detection_box_center,,1,691.5962003,0.9809558,-0.0051444,8.9944710,0.0440209,True,False,0.9946177,0.9995179,0.0505756,2.0000000,,video_playback_only,2.0000000,,,,,,0.8022389,4.0111943,
11,1,11:0,33.0186996,38.7638693,20.1883430,25.5927944,45.8490562,51.9349442,25.6607132,26.3421497,12.0000000,452.3893421,,0.1515265,0,tracked,True,learned_detection_box_center,,1,675.9583493,0.9692543,-0.0100346,9.9637253,0.0339862,True,False,0.9924374,0.9995319,0.1086982,2.2000000,,video_playback_only,2.2000000,,,,,,1.3067511,6.5337555,
12,1,12:0,34.1766396,38.8484688,21.4240417,25.7270432,46.9292374,51.9698944,25.5051956,26.2428513,12.0000000,452.3893421,,0.1595616,0,tracked,True,learned_detection_box_center,,1,669.3290549,1.0093181,-0.0202377,10.9730434,0.0137485,True,False,0.9889729,0.9995285,0.0207842,2.4000000,,video_playback_only,2.4000000,,,,,,1.1610262,5.8051312,
13,1,13:0,35.0948343,38.6506958,22.6013660,25.4897385,47.5883026,51.8116531,24.9869366,26.3219147,12.0000000,452.3893421,,0.1586129,0,tracked,True,learned_detection_box_center,,1,657.7040123,1.0208082,0.0302378,11.9938516,0.0439863,True,False,0.9967962,0.9994656,0.0651973,2.6000000,,video_playback_only,2.6000000,,,,,,0.9392528,4.6962639,
14,1,14:0,35.8344002,38.8591843,23.4933357,25.3914757,48.1754646,52.3268929,24.6821289,26.9354172,12.0000000,452.3893421,,0.1606728,0,tracked,True,learned_detection_box_center,,1,664.8234389,1.0176747,0.0096525,13.0115263,0.0536388,True,False,0.9790884,0.9994615,0.0426925,2.8000000,,video_playback_only,2.8000000,,,,,,0.7683912,3.8419562,
15,1,15:0,36.6121893,38.7742157,24.1837826,25.2835350,49.0405960,52.2648964,24.8568134,26.9813614,12.0000000,452.3893421,,0.1534318,0,tracked,True,learned_detection_box_center,,1,670.6706662,0.9845954,0.0100198,13.9961217,0.0636586,True,False,0.9867364,0.9996163,0.0825436,3.0000000,,video_playback_only,3.0000000,,,,,,0.7824165,3.9120825,
