frame,track_id,detection_id,center_x,center_y,x1,y1,x2,y2,width,height,radius_px,roi_area_px2,mask_area_px2,confidence,class_id,status,observed,coordinate_type,quality_reason,ncc_peak_margin,backward_error_px,local_contrast,candidate_x,candidate_y,dx,dy,drift_x,drift_y,valid,cumulative_valid,phase_response,ecc_score,disagreement,video_time_s,acquisition_time_s,time_basis,timestamp,nm_per_pixel,x_background_relative_px,y_background_relative_px,x_nm,y_nm,step_px,speed_px_per_video_s,speed_nm_per_acquisition_s
0,1,0:1,147.0,128.0,116.0,97.0,178.0,159.0,62,62,31,3019.0705400997913,,1.0,0,seed,True,roi_center,manual_initialization,,,,,,0.0,0.0,0.0,0.0,True,True,1.0,1.0,0.0,0.0,,video_playback_only,0.0,,147.0,128.0,,,,,
0,2,0:2,187.0,188.0,156.0,157.0,218.0,219.0,62,62,31,3019.0705400997913,,1.0,0,seed,True,roi_center,manual_initialization,,,,,,0.0,0.0,0.0,0.0,True,True,1.0,1.0,0.0,0.0,,video_playback_only,0.0,,187.0,188.0,,,,,
0,3,0:3,122.0,245.0,87.0,210.0,157.0,280.0,70,70,35,3848.4510006474966,,1.0,0,seed,True,roi_center,manual_initialization,,,,,,0.0,0.0,0.0,0.0,True,True,1.0,1.0,0.0,0.0,,video_playback_only,0.0,,122.0,245.0,,,,,
0,4,0:4,103.0,319.0,67.0,283.0,139.0,355.0,72,72,36,4071.5040790523717,,1.0,0,seed,True,roi_center,manual_initialization,,,,,,0.0,0.0,0.0,0.0,True,True,1.0,1.0,0.0,0.0,,video_playback_only,0.0,,103.0,319.0,,,,,
0,6,0:6,59.0,386.0,19.0,346.0,99.0,426.0,80,80,40,5026.548245743669,,1.0,0,seed,True,roi_center,manual_initialization,,,,,,0.0,0.0,0.0,0.0,True,True,1.0,1.0,0.0,0.0,,video_playback_only,0.0,,59.0,386.0,,,,,
0,7,0:7,43.0,456.0,4.0,417.0,82.0,495.0,78,78,39,4778.362426110075,,1.0,0,seed,True,roi_center,manual_initialization,,,,,,0.0,0.0,0.0,0.0,True,True,1.0,1.0,0.0,0.0,,video_playback_only,0.0,,43.0,456.0,,,,,
1,1,1:1,147.85797615349293,127.6188012957573,116.85797615349293,96.6188012957573,178.85797615349293,158.6188012957573,62,62,31,3019.0705400997913,,0.854682445526123,0,tracked,True,roi_center,,0.4302584230899811,0.4793878405217626,41.20380973815918,147.85797615349293,127.6188012957573,-1.34514582157135,-0.16660626232624054,-1.34514582157135,-0.16660626232624054,True,True,0.5595351433753968,0.6624432256442693,0.2331937980043671,1.0,,video_playback_only,1.0,,149.20312197506428,127.78540755808353,,,0.9388479813467342,0.9388479813467342,
1,2,1:2,188.78322879970074,188.81904557347298,157.78322879970074,157.81904557347298,219.78322879970074,219.81904557347298,62,62,31,3019.0705400997913,,0.7590043544769287,0,tracked,True,roi_center,,0.2948439121246338,0.5057603525907626,44.797006607055664,188.78322879970074,188.81904557347298,-1.34514582157135,-0.16660626232624054,-1.34514582157135,-0.16660626232624054,True,True,0.5595351433753968,0.6624432256442693,0.2331937980043671,1.0,,video_playback_only,1.0,,190.1283746212721,188.98565183579922,,,1.9623304012086773,1.9623304012086773,
1,3,1:3,123.45533379912376,246.24584537744522,88.45533379912376,211.24584537744522,158.45533379912376,281.2458453774452,70,70,35,3848.4510006474966,,0.7801794409751892,0,tracked,True,roi_center,,0.2535873055458069,0.6407888600876329,38.11283493041992,123.45533379912376,246.24584537744522,-1.34514582157135,-0.16660626232624054,-1.34514582157135,-0.16660626232624054,True,True,0.5595351433753968,0.6624432256442693,0.2331937980043671,1.0,,video_playback_only,1.0,,124.80047962069511,246.41245163977146,,,1.9157575972376133,1.9157575972376133,
1,4,1:4,105.83688673377037,318.6563324034214,69.83688673377037,282.6563324034214,141.83688673377037,354.6563324034214,72,72,36,4071.5040790523717,,0.8630653619766235,0,tracked,True,roi_center,,0.44895705580711365,0.3779890323966162,42.02260208129883,105.83688673377037,318.6563324034214,-1.34514582157135,-0.16660626232624054,-1.34514582157135,-0.16660626232624054,True,True,0.5595351433753968,0.6624432256442693,0.2331937980043671,1.0,,video_playback_only,1.0,,107.18203255534172,318.82293866574764,,,2.8576272950089954,2.8576272950089954,
1,6,1:6,59.63833284378052,386.323004424572,19.638332843780518,346.323004424572,99.63833284378052,426.323004424572,80,80,40,5026.548245743669,,0.9505534172058105,0,tracked,True,roi_center,,0.30945152044296265,0.3957774655591464,59.78664588928223,59.63833284378052,386.323004424572,-1.34514582157135,-0.16660626232624054,-1.34514582157135,-0.16660626232624054,True,True,0.5595351433753968,0.6624432256442693,0.2331937980043671,1.0,,video_playback_only,1.0,,60.98347866535187,386.48961068689823,,,0.7154024585797882,0.7154024585797882,
1,7,1:7,42.79210890829563,456.06634279340506,3.7921089082956314,417.06634279340506,81.79210890829563,495.06634279340506,78,78,39,4778.362426110075,,0.8726440072059631,0,tracked,True,roi_center,,0.323550820350647,0.785315824186142,37.12484359741211,42.79210890829563,456.06634279340506,-1.34514582157135,-0.16660626232624054,-1.34514582157135,-0.16660626232624054,True,True,0.5595351433753968,0.6624432256442693,0.2331937980043671,1.0,,video_playback_only,1.0,,44.13725472986698,456.2329490557313,,,0.2182202379405268,0.2182202379405268,
2,1,2:1,150.0620739273727,127.01575619727373,119.0620739273727,96.01575619727373,181.0620739273727,158.01575619727373,62,62,31,3019.0705400997913,,0.9025641083717346,0,tracked,True,roi_center,,0.3920249938964844,0.42244151875350383,39.63434982299805,150.0620739273727,127.01575619727373,-1.1273435354232788,0.1459893435239792,-2.472489356994629,-0.020616918802261353,True,True,0.5459630680084229,0.702934596863368,0.10855889197317575,2.0,,video_playback_only,2.0,,152.53456328436732,127.03637311607599,,,2.285106209266167,2.285106209266167,
2,2,2:2,188.30788904428482,189.39918291568756,157.30788904428482,158.39918291568756,219.30788904428482,220.39918291568756,62,62,31,3019.0705400997913,,0.8159976005554199,0,tracked,True,roi_center,,0.5249433219432831,1.1050899150482676,38.96650695800781,188.30788904428482,189.39918291568756,-1.1273435354232788,0.1459893435239792,-2.472489356994629,-0.020616918802261353,True,True,0.5459630680084229,0.702934596863368,0.10855889197317575,2.0,,video_playback_only,2.0,,190.78037840127945,189.41979983448982,,,0.7500048125916693,0.7500048125916693,
2,3,2:3,123.86889459192753,246.10376321524382,88.86889459192753,211.10376321524382,158.86889459192753,281.1037632152438,70,70,35,3848.4510006474966,,0.8490437269210815,0,tracked,True,roi_center,,0.47882530093193054,0.07378628558704656,38.243370056152344,123.86889459192753,246.10376321524382,-1.1273435354232788,0.1459893435239792,-2.472489356994629,-0.020616918802261353,True,True,0.5459630680084229,0.702934596863368,0.10855889197317575,2.0,,video_playback_only,2.0,,126.34138394892216,246.12438013404608,,,0.43728694259067963,0.43728694259067963,
2,4,2:4,105.75335125625134,320.41429901123047,69.75335125625134,284.41429901123047,141.75335125625134,356.41429901123047,72,72,36,4071.5040790523717,,0.9039977192878723,0,tracked,True,roi_center,,0.38178563117980957,0.3954152405772742,35.98525810241699,105.75335125625134,320.41429901123047,-1.1273435354232788,0.1459893435239792,-2.472489356994629,-0.020616918802261353,True,True,0.5459630680084229,0.702934596863368,0.10855889197317575,2.0,,video_playback_only,2.0,,108.22584061324596,320.43491593003273,,,1.7599502180959694,1.7599502180959694,
2,6,2:6,60.3336583673954,387.996147664031,20.3336583673954,347.996147664031,100.3336583673954,427.996147664031,80,80,40,5026.548245743669,,0.8549511432647705,0,tracked,True,roi_center,,0.20982640981674194,2.7851427561219646,77.79749870300293,60.3336583673954,387.996147664031,-1.1273435354232788,0.1459893435239792,-2.472489356994629,-0.020616918802261353,True,True,0.5459630680084229,0.702934596863368,0.10855889197317575,2.0,,video_playback_only,2.0,,62.80614772439003,388.0167645828333,,,1.8118735837628808,1.8118735837628808,
2,7,2:7,44.49028307199478,457.40588080883026,5.4902830719947815,418.40588080883026,83.49028307199478,496.40588080883026,78,78,39,4778.362426110075,,0.8075466752052307,0,tracked,True,roi_center,,0.24792295694351196,1.0973079438134694,32.27276611328125,44.49028307199478,457.40588080883026,-1.1273435354232788,0.1459893435239792,-2.472489356994629,-0.020616918802261353,True,True,0.5459630680084229,0.702934596863368,0.10855889197317575,2.0,,video_playback_only,2.0,,46.96277242898941,457.4264977276325,,,2.1629048950484635,2.1629048950484635,
3,1,3:1,155.01851897872984,128.3788040280342,124.01851897872984,97.37880402803421,186.01851897872984,159.3788040280342,62,62,31,3019.0705400997913,,0.859927237033844,0,tracked,True,roi_center,,0.3502081036567688,1.6288075564325744,38.86198806762695,155.01851897872984,128.3788040280342,-0.1552574336528778,0.019238196313381195,-2.6277467906475067,-0.0013787224888801575,True,True,0.6712829613685608,0.731241619556068,0.04667224087933734,3.0,,video_playback_only,3.0,,157.64626576937735,128.3801827505231,,,5.140452016706666,5.140452016706666,
3,2,3:2,192.38538551330566,189.0599445067346,161.38538551330566,158.0599445067346,223.38538551330566,220.0599445067346,62,62,31,3019.0705400997913,,0.8495813012123108,0,tracked,True,roi_center,,0.5895352959632874,1.3035885086419965,44.86837577819824,192.38538551330566,189.0599445067346,-0.1552574336528778,0.019238196313381195,-2.6277467906475067,-0.0013787224888801575,True,True,0.6712829613685608,0.731241619556068,0.04667224087933734,3.0,,video_playback_only,3.0,,195.01313230395317,189.0613232292235,,,4.091584064025372,4.091584064025372,
3,3,3:3,124.56481972336769,246.80574674904346,89.56481972336769,211.80574674904346,159.5648197233677,281.80574674904346,70,70,35,3848.4510006474966,,0.8920366168022156,0,tracked,True,roi_center,,0.46821874380111694,0.17868641885535405,37.89997100830078,124.56481972336769,246.80574674904346,-0.1552574336528778,0.019238196313381195,-2.6277467906475067,-0.0013787224888801575,True,True,0.6712829613685608,0.731241619556068,0.04667224087933734,3.0,,video_playback_only,3.0,,127.1925665140152,246.80712547153234,,,0.9884799797142325,0.9884799797142325,
3,4,3:4,106.6450529396534,323.8658022135496,70.6450529396534,287.8658022135496,142.6450529396534,359.8658022135496,72,72,36,4071.5040790523717,,0.8247060775756836,0,tracked,True,roi_center,,0.2522020936012268,0.3769731858234419,52.25054359436035,106.6450529396534,323.8658022135496,-0.1552574336528778,0.019238196313381195,-2.6277467906475067,-0.0013787224888801575,True,True,0.6712829613685608,0.731241619556068,0.04667224087933734,3.0,,video_playback_only,3.0,,109.2727997303009,323.8671809360385,,,3.564829062914712,3.564829062914712,
3,6,3:6,61.20560798048973,388.2811235189438,21.20560798048973,348.2811235189438,101.20560798048973,428.2811235189438,80,80,40,5026.548245743669,,0.9716870784759521,0,tracked,True,roi_center,,0.40207797288894653,0.4178697279805762,77.52313995361328,61.20560798048973,388.2811235189438,-0.1552574336528778,0.019238196313381195,-2.6277467906475067,-0.0013787224888801575,True,True,0.6712829613685608,0.731241619556068,0.04667224087933734,3.0,,video_playback_only,3.0,,63.83335477113724,388.28250224143267,,,0.9173371057896967,0.9173371057896967,
3,7,3:7,46.12590928375721,458.7248982787132,7.12590928375721,419.7248982787132,85.12590928375721,497.7248982787132,78,78,39,4778.362426110075,,0.9208086729049683,0,tracked,True,roi_center,,0.41453641653060913,0.08632029281633928,32.70416831970215,46.12590928375721,458.7248982787132,-0.1552574336528778,0.019238196313381195,-2.6277467906475067,-0.0013787224888801575,True,True,0.6712829613685608,0.731241619556068,0.04667224087933734,3.0,,video_playback_only,3.0,,48.75365607440472,458.7262770012021,,,2.10120922101079,2.10120922101079,
4,1,4:1,160.49753391742706,124.95858085155487,129.49753391742706,93.95858085155487,191.49753391742706,155.95858085155487,62,62,31,3019.0705400997913,,0.8271522521972656,0,tracked,True,roi_center,,0.4638887941837311,1.4527292212531104,40.6801815032959,160.49753391742706,124.95858085155487,-1.093652367591858,-0.8010678887367249,-3.7213991582393646,-0.802446611225605,True,True,0.5388360197842121,0.6960100732879214,0.17821192782472675,4.0,,video_playback_only,4.0,,164.21893307566643,125.76102746278048,,,6.458910997636808,6.458910997636808,
4,2,4:2,197.50568863749504,186.5636313855648,166.50568863749504,155.5636313855648,228.50568863749504,217.5636313855648,62,62,31,3019.0705400997913,,0.7946938872337341,0,tracked,True,roi_center,,0.40829354524612427,0.35333436548394004,47.029579162597656,197.50568863749504,186.5636313855648,-1.093652367591858,-0.8010678887367249,-3.7213991582393646,-0.802446611225605,True,True,0.5388360197842121,0.6960100732879214,0.17821192782472675,4.0,,video_playback_only,4.0,,201.2270877957344,187.3660779967904,,,5.696409683520667,5.696409683520667,
4,3,4:3,125.95390322431922,246.77375884354115,90.95390322431922,211.77375884354115,160.95390322431922,281.77375884354115,70,70,35,3848.4510006474966,,0.784684956073761,0,tracked,True,roi_center,,0.3622669577598572,1.23415995422414,35.639060974121094,125.95390322431922,246.77375884354115,-1.093652367591858,-0.8010678887367249,-3.7213991582393646,-0.802446611225605,True,True,0.5388360197842121,0.6960100732879214,0.17821192782472675,4.0,,video_playback_only,4.0,,129.67530238255858,247.57620545476675,,,1.38945176192417,1.38945176192417,
4,4,4:4,105.85500030219555,320.54303753376007,69.85500030219555,284.54303753376007,141.85500030219555,356.54303753376007,72,72,36,4071.5040790523717,,0.6471520066261292,0,tracked,True,roi_center,,0.04889911413192749,8.92611246337487,47.03458213806152,105.85500030219555,320.54303753376007,-1.093652367591858,-0.8010678887367249,-3.7213991582393646,-0.802446611225605,True,True,0.5388360197842121,0.6960100732879214,0.17821192782472675,4.0,,video_playback_only,4.0,,109.57639946043491,321.3454841449857,,,3.415398701061269,3.415398701061269,
4,6,4:6,63.66102159023285,387.58478659391403,23.66102159023285,347.58478659391403,103.66102159023285,427.58478659391403,80,80,40,5026.548245743669,,0.9650589823722839,0,tracked,True,roi_center,,0.5266291499137878,0.7290607356302612,81.0113582611084,63.66102159023285,387.58478659391403,-1.093652367591858,-0.8010678887367249,-3.7213991582393646,-0.802446611225605,True,True,0.5388360197842121,0.6960100732879214,0.17821192782472675,4.0,,video_playback_only,4.0,,67.38242074847221,388.38723320513964,,,2.552242368598959,2.552242368598959,
4,7,4:7,49.31290644407272,458.8614020347595,10.312906444072723,419.8614020347595,88.31290644407272,497.8614020347595,78,78,39,4778.362426110075,,0.839409351348877,0,tracked,True,roi_center,,0.39214691519737244,1.135838562326231,35.6953239440918,49.31290644407272,458.8614020347595,-1.093652367591858,-0.8010678887367249,-3.7213991582393646,-0.802446611225605,True,True,0.5388360197842121,0.6960100732879214,0.17821192782472675,4.0,,video_playback_only,4.0,,53.03430560231209,459.6638486459851,,,3.189919148704853,3.189919148704853,
5,1,5:1,163.82254448533058,127.7267824113369,132.82254448533058,96.7267824113369,194.82254448533058,158.7267824113369,62,62,31,3019.0705400997913,,0.8590591549873352,0,tracked,True,roi_center,,0.43466344475746155,1.1249054780265755,41.91061019897461,163.82254448533058,127.7267824113369,-1.778017282485962,0.36054009199142456,-5.4994164407253265,-0.44190651923418045,True,True,0.459294646307826,0.6820130556939558,0.5301914749150394,5.0,,video_playback_only,5.0,,169.3219609260559,128.16868893057108,,,4.326503802407867,4.326503802407867,
5,2,5:2,200.59759598970413,189.70302748680115,169.59759598970413,158.70302748680115,231.59759598970413,220.70302748680115,62,62,31,3019.0705400997913,,0.8515281677246094,0,tracked,True,roi_center,,0.38600414991378784,0.4185386878435597,33.81258010864258,200.59759598970413,189.70302748680115,-1.778017282485962,0.36054009199142456,-5.4994164407253265,-0.44190651923418045,True,True,0.459294646307826,0.6820130556939558,0.5301914749150394,5.0,,video_playback_only,5.0,,206.09701243042946,190.14493400603533,,,4.40632488079381,4.40632488079381,
5,3,5:3,124.79314267635345,247.67347726225853,89.79314267635345,212.67347726225853,159.79314267635345,282.67347726225853,70,70,35,3848.4510006474966,,0.7648008465766907,0,tracked,True,roi_center,,0.38903653621673584,0.560855040498276,30.593364715576172,124.79314267635345,247.67347726225853,-1.778017282485962,0.36054009199142456,-5.4994164407253265,-0.44190651923418045,True,True,0.459294646307826,0.6820130556939558,0.5301914749150394,5.0,,video_playback_only,5.0,,130.29255911707878,248.1153837814927,,,1.4686246227995408,1.4686246227995408,
5,4,5:4,105.85919433832169,323.60795697569847,69.85919433832169,287.60795697569847,141.8591943383217,359.60795697569847,72,72,36,4071.5040790523717,,0.7834863662719727,0,tracked,True,roi_center,,0.26900678873062134,1.429562405702848,49.074134826660156,105.85919433832169,323.60795697569847,-1.778017282485962,0.36054009199142456,-5.4994164407253265,-0.44190651923418045,True,True,0.459294646307826,0.6820130556939558,0.5301914749150394,5.0,,video_playback_only,5.0,,111.35861077904701,324.04986349493265,,,3.064922311496822,3.064922311496822,
5,6,5:6,64.29395884275436,388.8260425031185,24.293958842754364,348.8260425031185,104.29395884275436,428.8260425031185,80,80,40,5026.548245743669,,0.9292740821838379,0,tracked,True,roi_center,,0.3449421525001526,0.789795322198132,70.31893730163574,64.29395884275436,388.8260425031185,-1.778017282485962,0.36054009199142456,-5.4994164407253265,-0.44190651923418045,True,True,0.459294646307826,0.6820130556939558,0.5301914749150394,5.0,,video_playback_only,5.0,,69.79337528347969,389.2679490223527,,,1.393314680093672,1.393314680093672,
5,7,5:7,50.3490127325058,460.94245459139347,11.349012732505798,421.94245459139347,89.3490127325058,499.94245459139347,78,78,39,4778.362426110075,,0.8148584365844727,0,tracked,True,roi_center,,0.4555157423019409,0.4565081011888041,38.59793472290039,50.3490127325058,460.94245459139347,-1.778017282485962,0.36054009199142456,-5.4994164407253265,-0.44190651923418045,True,True,0.459294646307826,0.6820130556939558,0.5301914749150394,5.0,,video_playback_only,5.0,,55.848429173231125,461.38436111062765,,,2.32471417262494,2.32471417262494,
6,1,6:1,166.7532394081354,126.64794144034386,135.7532394081354,95.64794144034386,197.7532394081354,157.64794144034386,62,62,31,3019.0705400997913,,0.8800427317619324,0,tracked,True,roi_center,,0.5391883850097656,0.44247745952817374,40.53201770782471,166.7532394081354,126.64794144034386,-1.2085312604904175,-0.12068478018045425,-6.707947701215744,-0.5625912994146347,True,True,0.5686325781047344,0.6606005774031155,0.3567895350493549,6.0,,video_playback_only,6.0,,173.46118710935116,127.21053273975849,,,3.122958624645423,3.122958624645423,
6,2,6:2,208.11740485578775,191.15389741957188,177.11740485578775,160.15389741957188,239.11740485578775,222.15389741957188,62,62,31,3019.0705400997913,,0.8113718032836914,0,tracked,True,roi_center,,0.38022103905677795,0.6402232017928544,40.037696838378906,208.11740485578775,191.15389741957188,-1.2085312604904175,-0.12068478018045425,-6.707947701215744,-0.5625912994146347,True,True,0.5686325781047344,0.6606005774031155,0.3567895350493549,6.0,,video_playback_only,6.0,,214.8253525570035,191.7164887189865,,,7.658495214090558,7.658495214090558,
6,3,6:3,124.29686504602432,247.59475454688072,89.29686504602432,212.59475454688072,159.29686504602432,282.5947545468807,70,70,35,3848.4510006474966,,0.8756036162376404,0,tracked,True,roi_center,,0.3539738059043884,0.12467901310350389,36.83478546142578,124.29686504602432,247.59475454688072,-1.2085312604904175,-0.12068478018045425,-6.707947701215744,-0.5625912994146347,True,True,0.5686325781047344,0.6606005774031155,0.3567895350493549,6.0,,video_playback_only,6.0,,131.00481274724007,248.15734584629536,,,0.5024825890332459,0.5024825890332459,
6,4,6:4,107.24069371819496,323.6218801140785,71.24069371819496,287.6218801140785,143.24069371819496,359.6218801140785,72,72,36,4071.5040790523717,,0.8734391331672668,0,tracked,True,roi_center,,0.32505619525909424,0.8380845816579657,52.92869567871094,107.24069371819496,323.6218801140785,-1.2085312604904175,-0.12068478018045425,-6.707947701215744,-0.5625912994146347,True,True,0.5686325781047344,0.6606005774031155,0.3567895350493549,6.0,,video_playback_only,6.0,,113.9486414194107,324.18447141349316,,,1.381569538739399,1.381569538739399,
6,6,6:6,64.52986785769463,388.9693834707141,24.529867857694626,348.9693834707141,104.52986785769463,428.9693834707141,80,80,40,5026.548245743669,,0.9704644083976746,0,tracked,True,roi_center,,0.28969091176986694,0.19166804450589897,68.28877258300781,64.52986785769463,388.9693834707141,-1.2085312604904175,-0.12068478018045425,-6.707947701215744,-0.5625912994146347,True,True,0.5686325781047344,0.6606005774031155,0.3567895350493549,6.0,,video_playback_only,6.0,,71.23781555891037,389.5319747701287,,,0.2760429247804062,0.2760429247804062,
6,7,6:7,51.00387729355134,462.50615814328194,12.00387729355134,423.50615814328194,90.00387729355134,501.50615814328194,78,78,39,4778.362426110075,,0.8846807479858398,0,tracked,True,roi_center,,0.5067189633846283,0.6105045346568266,46.05981254577637,51.00387729355134,462.50615814328194,-1.2085312604904175,-0.12068478018045425,-6.707947701215744,-0.5625912994146347,True,True,0.5686325781047344,0.6606005774031155,0.3567895350493549,6.0,,video_playback_only,6.0,,57.711824994767085,463.06874944269657,,,1.695292420646649,1.695292420646649,
7,1,7:1,169.1036524027586,127.87665101140738,138.1036524027586,96.87665101140738,200.1036524027586,158.87665101140738,62,62,31,3019.0705400997913,,0.869698166847229,0,tracked,True,roi_center,,0.4902379810810089,0.7397262699921607,39.380191802978516,169.1036524027586,127.87665101140738,-1.10482919216156,-0.04848999157547951,-7.812776893377304,-0.6110812909901142,True,True,0.5404437363147736,0.733442311182062,0.14120014370546943,7.0,,video_playback_only,7.0,,176.9164292961359,128.4877323023975,,,2.6522006815692927,2.6522006815692927,
7,2,7:2,211.3645361661911,192.37852942943573,180.3645361661911,161.37852942943573,242.3645361661911,223.37852942943573,62,62,31,3019.0705400997913,,0.8524981737136841,0,tracked,True,roi_center,,0.3144412636756897,0.5075110793295556,28.291664123535156,211.3645361661911,192.37852942943573,-1.10482919216156,-0.04848999157547951,-7.812776893377304,-0.6110812909901142,True,True,0.5404437363147736,0.733442311182062,0.14120014370546943,7.0,,video_playback_only,7.0,,219.1773130595684,192.98961072042584,,,3.4703869102140383,3.4703869102140383,
7,3,7:3,124.70029556751251,248.48824575543404,89.70029556751251,213.48824575543404,159.7002955675125,283.48824575543404,70,70,35,3848.4510006474966,,0.9097750186920166,0,tracked,True,roi_center,,0.36806291341781616,0.15414367178403282,34.20159149169922,124.70029556751251,248.48824575543404,-1.10482919216156,-0.04848999157547951,-7.812776893377304,-0.6110812909901142,True,True,0.5404437363147736,0.733442311182062,0.14120014370546943,7.0,,video_playback_only,7.0,,132.51307246088982,249.09932704642415,,,0.9803482674184184,0.9803482674184184,
7,4,7:4,108.65042135119438,325.8535426557064,72.65042135119438,289.8535426557064,144.65042135119438,361.8535426557064,72,72,36,4071.5040790523717,,0.9180396795272827,0,tracked,True,roi_center,,0.4819175601005554,0.6950819718825465,53.17535209655762,108.65042135119438,325.8535426557064,-1.10482919216156,-0.04848999157547951,-7.812776893377304,-0.6110812909901142,True,True,0.5404437363147736,0.733442311182062,0.14120014370546943,7.0,,video_playback_only,7.0,,116.46319824457169,326.4646239466965,,,2.6396305989564475,2.6396305989564475,
7,6,7:6,64.10013004392385,389.5974541604519,24.100130043923855,349.5974541604519,104.10013004392385,429.5974541604519,80,80,40,5026.548245743669,,0.9673158526420593,0,tracked,True,roi_center,,0.39896005392074585,0.16343683600121944,70.3460807800293,64.10013004392385,389.5974541604519,-1.10482919216156,-0.04848999157547951,-7.812776893377304,-0.6110812909901142,True,True,0.5404437363147736,0.733442311182062,0.14120014370546943,7.0,,video_playback_only,7.0,,71.91290693730116,390.208535451442,,,0.761017332189086,0.761017332189086,
7,7,7:7,51.06301323324442,463.48832911252975,12.063013233244419,424.48832911252975,90.06301323324442,502.48832911252975,78,78,39,4778.362426110075,,0.9122647643089294,0,tracked,True,roi_center,,0.35798150300979614,0.3259970305961393,38.25540733337402,51.06301323324442,463.48832911252975,-1.10482919216156,-0.04848999157547951,-7.812776893377304,-0.6110812909901142,True,True,0.5404437363147736,0.733442311182062,0.14120014370546943,7.0,,video_playback_only,7.0,,58.87579012662172,464.09941040351987,,,0.9839496288919376,0.9839496288919376,
8,1,8:1,171.1284092515707,126.45352917909622,140.1284092515707,95.45352917909622,202.1284092515707,157.45352917909622,62,62,31,3019.0705400997913,,0.8469251394271851,0,tracked,True,roi_center,,0.42233923077583313,1.5666917196960133,43.44944190979004,171.1284092515707,126.45352917909622,-1.741018533706665,-0.5201079249382019,-9.55379542708397,-1.1311892159283161,True,True,0.7270052459836006,0.7450497277385911,0.2810707270870639,8.0,,video_playback_only,8.0,,180.68220467865467,127.58471839502454,,,2.474856772908722,2.474856772908722,
8,2,8:2,221.68673130869865,200.3074367940426,190.68673130869865,169.3074367940426,252.68673130869865,231.3074367940426,62,62,31,3019.0705400997913,,0.8422777652740479,0,tracked,True,roi_center,,0.3079036474227905,1.282098700455231,43.59884262084961,221.68673130869865,200.3074367940426,-1.741018533706665,-0.5201079249382019,-9.55379542708397,-1.1311892159283161,True,True,0.7270052459836006,0.7450497277385911,0.2810707270870639,8.0,,video_playback_only,8.0,,231.24052673578262,201.4386260099709,,,13.015962682664828,13.015962682664828,
8,3,8:3,127.1973928809166,251.64481046795845,92.1973928809166,216.64481046795845,162.1973928809166,286.64481046795845,70,70,35,3848.4510006474966,,0.878145158290863,0,tracked,True,roi_center,,0.3383335471153259,0.7398683144802223,36.25996017456055,127.1973928809166,251.64481046795845,-1.741018533706665,-0.5201079249382019,-9.55379542708397,-1.1311892159283161,True,True,0.7270052459836006,0.7450497277385911,0.2810707270870639,8.0,,video_playback_only,8.0,,136.75118830800056,252.77599968388677,,,4.024847298589628,4.024847298589628,
8,4,,,,,,,,72,72,36,4071.5040790523717,,0.8190364837646484,0,uncertain,False,roi_center,backward_inconsistent,0.1928795576095581,15.803069241080596,47.046356201171875,92.22781220078468,319.70266845822334,-1.741018533706665,-0.5201079249382019,-9.55379542708397,-1.1311892159283161,True,True,0.7270052459836006,0.7450497277385911,0.2810707270870639,8.0,,video_playback_only,8.0,,,,,,,,
8,6,8:6,63.702428698539734,391.79588927328587,23.702428698539734,351.79588927328587,103.70242869853973,431.79588927328587,80,80,40,5026.548245743669,,0.9543272852897644,0,tracked,True,roi_center,,0.38805437088012695,0.312224870258927,68.09318923950195,63.702428698539734,391.79588927328587,-1.741018533706665,-0.5201079249382019,-9.55379542708397,-1.1311892159283161,True,True,0.7270052459836006,0.7450497277385911,0.2810707270870639,8.0,,video_playback_only,8.0,,73.2562241256237,392.9270784892142,,,2.2341180151150657,2.2341180151150657,
8,7,8:7,50.38693207502365,464.98339357972145,11.386932075023651,425.98339357972145,89.38693207502365,503.98339357972145,78,78,39,4778.362426110075,,0.8733037114143372,0,tracked,True,roi_center,,0.23389267921447754,0.15198215006944896,33.98210144042969,50.38693207502365,464.98339357972145,-1.741018533706665,-0.5201079249382019,-9.55379542708397,-1.1311892159283161,True,True,0.7270052459836006,0.7450497277385911,0.2810707270870639,8.0,,video_playback_only,8.0,,59.94072750210762,466.11458279564977,,,1.640824028822203,1.640824028822203,
9,1,9:1,178.0388460792601,126.5468378663063,147.0388460792601,95.5468378663063,209.0388460792601,157.5468378663063,62,62,31,3019.0705400997913,,0.8626824021339417,0,tracked,True,roi_center,,0.40000155568122864,1.441774180444148,32.57734680175781,178.0388460792601,126.5468378663063,-1.750606656074524,0.04375899210572243,-11.304402083158493,-1.0874302238225937,True,True,0.7456798066198825,0.7215012188692614,0.32944129141837436,9.0,,video_playback_only,9.0,,189.3432481624186,127.6342680901289,,,6.911066752723123,6.911066752723123,
9,2,9:2,231.00074761424912,209.10576953738928,200.00074761424912,178.10576953738928,262.0007476142491,240.10576953738928,62,62,31,3019.0705400997913,,0.858787477016449,0,tracked,True,roi_center,,0.26223939657211304,5.328225872616844,38.46318817138672,231.00074761424912,209.10576953738928,-1.750606656074524,0.04375899210572243,-11.304402083158493,-1.0874302238225937,True,True,0.7456798066198825,0.7215012188692614,0.32944129141837436,9.0,,video_playback_only,9.0,,242.30514969740761,210.19319976121187,,,12.812554733647248,12.812554733647248,
9,3,9:3,135.97571871615946,249.06736055761576,100.97571871615946,214.06736055761576,170.97571871615946,284.06736055761576,70,70,35,3848.4510006474966,,0.7250330448150635,0,tracked,True,roi_center,,0.5073176622390747,5.366502274922406,18.705997467041016,135.97571871615946,249.06736055761576,-1.750606656074524,0.04375899210572243,-11.304402083158493,-1.0874302238225937,True,True,0.7456798066198825,0.7215012188692614,0.32944129141837436,9.0,,video_playback_only,9.0,,147.28012079931796,250.15479078143835,,,9.148893512880012,9.148893512880012,
9,4,9:4,67.49779865145683,315.4966189265251,31.497798651456833,279.4966189265251,103.49779865145683,351.4966189265251,72,72,36,4071.5040790523717,,0.7635394334793091,0,reacquired,True,roi_center,,0.09255599975585938,7.617641810611587,44.585384368896484,67.49779865145683,315.4966189265251,-1.750606656074524,0.04375899210572243,-11.304402083158493,-1.0874302238225937,True,True,0.7456798066198825,0.7215012188692614,0.32944129141837436,9.0,,video_playback_only,9.0,,78.80220073461533,316.5840491503477,,,,,
9,6,9:6,62.639478117227554,392.71492794156075,22.639478117227554,352.71492794156075,102.63947811722755,432.71492794156075,80,80,40,5026.548245743669,,0.9667315483093262,0,tracked,True,roi_center,,0.3691524267196655,0.19388510088118596,62.507829666137695,62.639478117227554,392.71492794156075,-1.750606656074524,0.04375899210572243,-11.304402083158493,-1.0874302238225937,True,True,0.7456798066198825,0.7215012188692614,0.32944129141837436,9.0,,video_playback_only,9.0,,73.94388020038605,393.80235816538334,,,1.4051676099655743,1.4051676099655743,
9,7,9:7,50.092748284339905,466.84591849148273,11.092748284339905,427.84591849148273,89.0927482843399,505.84591849148273,78,78,39,4778.362426110075,,0.736397385597229,0,tracked,True,roi_center,,0.14965838193893433,0.8752835778401568,29.356647491455078,50.092748284339905,466.84591849148273,-1.750606656074524,0.04375899210572243,-11.304402083158493,-1.0874302238225937,True,True,0.7456798066198825,0.7215012188692614,0.32944129141837436,9.0,,video_playback_only,9.0,,61.3971503674984,467.9333487153053,,,1.8856147935441205,1.8856147935441205,
10,1,10:1,180.88104774057865,121.09998730570078,149.88104774057865,90.09998730570078,211.88104774057865,152.09998730570078,62,62,31,3019.0705400997913,,0.7587795853614807,0,tracked,True,roi_center,,0.1850641965866089,1.5936422745442078,32.01815986633301,180.88104774057865,121.09998730570078,-1.7340419292449951,-0.35592907667160034,-13.038444012403488,-1.443359300494194,True,True,0.7504935413599014,0.7798310520988545,0.2193062264691145,10.0,,video_playback_only,10.0,,193.91949175298214,122.54334660619497,,,6.1438010476553195,6.1438010476553195,
10,2,10:2,229.5970522761345,210.48638394474983,198.5970522761345,179.48638394474983,260.5970522761345,241.48638394474983,62,62,31,3019.0705400997913,,0.8585837483406067,0,tracked,True,roi_center,,0.25242847204208374,9.815665629832798,43.22731018066406,229.5970522761345,210.48638394474983,-1.7340419292449951,-0.35592907667160034,-13.038444012403488,-1.443359300494194,True,True,0.7504935413599014,0.7798310520988545,0.2193062264691145,10.0,,video_playback_only,10.0,,242.63549628853798,211.92974324524403,,,1.9688719470946503,1.9688719470946503,
10,3,10:3,135.66404861211777,248.93272618204355,100.66404861211777,213.93272618204355,170.66404861211777,283.93272618204355,70,70,35,3848.4510006474966,,0.7921193838119507,0,tracked,True,roi_center,,0.3201862871646881,0.7263117916599752,13.279815673828125,135.66404861211777,248.93272618204355,-1.7340419292449951,-0.35592907667160034,-13.038444012403488,-1.443359300494194,True,True,0.7504935413599014,0.7798310520988545,0.2193062264691145,10.0,,video_playback_only,10.0,,148.70249262452126,250.37608548253775,,,0.3395065078007766,0.3395065078007766,
10,4,10:4,66.73893949389458,315.3684746623039,30.738939493894577,279.3684746623039,102.73893949389458,351.3684746623039,72,72,36,4071.5040790523717,,0.8630890846252441,0,tracked,True,roi_center,,0.07473099231719971,2.050126046416104,53.686123847961426,66.73893949389458,315.3684746623039,-1.7340419292449951,-0.35592907667160034,-13.038444012403488,-1.443359300494194,True,True,0.7504935413599014,0.7798310520988545,0.2193062264691145,10.0,,video_playback_only,10.0,,79.77738350629807,316.8118339627981,,,0.7696026074987579,0.7696026074987579,
10,6,10:6,70.3746397793293,395.82587818801403,30.3746397793293,355.82587818801403,110.3746397793293,435.82587818801403,80,80,40,5026.548245743669,,0.9135025143623352,0,tracked,True,roi_center,,0.1407254934310913,2.1214995113415442,56.19421577453613,70.3746397793293,395.82587818801403,-1.7340419292449951,-0.35592907667160034,-13.038444012403488,-1.443359300494194,True,True,0.7504935413599014,0.7798310520988545,0.2193062264691145,10.0,,video_playback_only,10.0,,83.41308379173279,397.2692374885082,,,8.33730996033831,8.33730996033831,
10,7,10:7,51.85709297657013,469.0135036772117,12.85709297657013,430.0135036772117,90.85709297657013,508.0135036772117,78,78,39,4778.362426110075,,0.6881689429283142,0,tracked,True,roi_center,,0.15260082483291626,1.6969595045228476,22.814754486083984,51.85709297657013,469.0135036772117,-1.7340419292449951,-0.35592907667160034,-13.038444012403488,-1.443359300494194,True,True,0.7504935413599014,0.7798310520988545,0.2193062264691145,10.0,,video_playback_only,10.0,,64.89553698897362,470.4568629777059,,,2.794877051033309,2.794877051033309,
11,1,11:1,196.9263789728284,120.75713175535202,165.9263789728284,89.75713175535202,227.9263789728284,151.75713175535202,62,62,31,3019.0705400997913,,0.7836912870407104,0,tracked,True,roi_center,,0.2557442784309387,4.0570297819247525,38.86270713806152,196.9263789728284,120.75713175535202,,,-13.038444012403488,-1.443359300494194,False,False,0.28826965659856796,0.29282281597964216,2.027333087359695,11.0,,video_playback_only,11.0,,,,,,16.048993871299654,16.048993871299654,
11,2,11:2,253.8013378083706,213.7398819923401,222.8013378083706,182.7398819923401,284.8013378083706,244.7398819923401,62,62,31,3019.0705400997913,,0.8818304538726807,0,tracked,True,roi_center,,0.12784969806671143,2.238576831373968,50.31964111328125,253.8013378083706,213.7398819923401,,,-13.038444012403488,-1.443359300494194,False,False,0.28826965659856796,0.29282281597964216,2.027333087359695,11.0,,video_playback_only,11.0,,,,,,24.4219714124738,24.4219714124738,
11,3,11:3,151.68142077326775,250.33418333530426,116.68142077326775,215.33418333530426,186.68142077326775,285.33418333530426,70,70,35,3848.4510006474966,,0.6042197346687317,0,tracked,True,roi_center,,0.31278231739997864,6.25392061257696,14.138946533203125,151.68142077326775,250.33418333530426,,,-13.038444012403488,-1.443359300494194,False,False,0.28826965659856796,0.29282281597964216,2.027333087359695,11.0,,video_playback_only,11.0,,,,,,16.07856626385599,16.07856626385599,
11,4,11:4,92.54515671730042,321.23155392706394,56.545156717300415,285.23155392706394,128.54515671730042,357.23155392706394,72,72,36,4071.5040790523717,,0.9168611764907837,0,tracked,True,roi_center,,0.11614340543746948,1.1575275219050425,49.32452583312988,92.54515671730042,321.23155392706394,,,-13.038444012403488,-1.443359300494194,False,False,0.28826965659856796,0.29282281597964216,2.027333087359695,11.0,,video_playback_only,11.0,,,,,,26.46387246505067,26.46387246505067,
11,6,11:6,73.06335573643446,402.2802474796772,33.06335573643446,362.2802474796772,113.06335573643446,442.2802474796772,80,80,40,5026.548245743669,,0.9208422899246216,0,tracked,True,roi_center,,0.09957969188690186,5.446479707044588,65.35034561157227,73.06335573643446,402.2802474796772,,,-13.038444012403488,-1.443359300494194,False,False,0.28826965659856796,0.29282281597964216,2.027333087359695,11.0,,video_playback_only,11.0,,,,,,6.992000890385844,6.992000890385844,
11,7,11:7,59.048951264470816,476.1428757458925,20.048951264470816,437.1428757458925,98.04895126447082,515.1428757458925,78,78,39,4778.362426110075,,0.7079309225082397,0,tracked,True,roi_center,,0.07151985168457031,6.433107819460329,26.943389892578125,59.048951264470816,476.1428757458925,,,-13.038444012403488,-1.443359300494194,False,False,0.28826965659856796,0.29282281597964216,2.027333087359695,11.0,,video_playback_only,11.0,,,,,,10.126735492098728,10.126735492098728,
12,1,12:1,197.17507654428482,123.68463012576103,166.17507654428482,92.68463012576103,228.17507654428482,154.68463012576103,62,62,31,3019.0705400997913,,0.8693390488624573,0,tracked,True,roi_center,,0.32124412059783936,1.014595341568222,37.382877349853516,197.17507654428482,123.68463012576103,-0.141050785779953,-0.6239838004112244,-13.179494798183441,-2.0673431009054184,True,False,0.33211879193782806,0.7462153387031482,0.5149964198260488,12.0,,video_playback_only,12.0,,,,,,2.938043088655397,2.938043088655397,
12,2,12:2,259.9348959699273,213.16109547019005,228.9348959699273,182.16109547019005,290.9348959699273,244.16109547019005,62,62,31,3019.0705400997913,,0.9585999250411987,0,tracked,True,roi_center,,0.2910439968109131,0.8053699390576188,46.836727142333984,259.9348959699273,213.16109547019005,-0.141050785779953,-0.6239838004112244,-13.179494798183441,-2.0673431009054184,True,False,0.33211879193782806,0.7462153387031482,0.5149964198260488,12.0,,video_playback_only,12.0,,,,,,6.160805918012805,6.160805918012805,
12,3,12:3,150.9581788815558,250.71959400177002,115.9581788815558,215.71959400177002,185.9581788815558,285.71959400177,70,70,35,3848.4510006474966,,0.8609883189201355,0,tracked,True,roi_center,,0.4708452522754669,0.4923973835504166,15.688377380371094,150.9581788815558,250.71959400177002,-0.141050785779953,-0.6239838004112244,-13.179494798183441,-2.0673431009054184,True,False,0.33211879193782806,0.7462153387031482,0.5149964198260488,12.0,,video_playback_only,12.0,,,,,,0.8195243838670458,0.8195243838670458,
12,4,12:4,92.84558747708797,322.9269240424037,56.845587477087975,286.9269240424037,128.84558747708797,358.9269240424037,72,72,36,4071.5040790523717,,0.9666325449943542,0,tracked,True,roi_center,,0.10847318172454834,0.40857744395695184,55.83856391906738,92.84558747708797,322.9269240424037,-0.141050785779953,-0.6239838004112244,-13.179494798183441,-2.0673431009054184,True,False,0.33211879193782806,0.7462153387031482,0.5149964198260488,12.0,,video_playback_only,12.0,,,,,,1.7217835140962605,1.7217835140962605,
12,6,12:6,75.29649338126183,403.86900809407234,35.296493381261826,363.86900809407234,115.29649338126183,443.86900809407234,80,80,40,5026.548245743669,,0.9474873542785645,0,tracked,True,roi_center,,0.20488190650939941,1.5234325301419456,65.56396293640137,75.29649338126183,403.86900809407234,-0.141050785779953,-0.6239838004112244,-13.179494798183441,-2.0673431009054184,True,False,0.33211879193782806,0.7462153387031482,0.5149964198260488,12.0,,video_playback_only,12.0,,,,,,2.7406320494729575,2.7406320494729575,
12,7,12:7,61.02552019432187,477.8533955067396,22.02552019432187,438.8533955067396,100.02552019432187,516.8533955067396,78,78,39,4778.362426110075,,0.8468528389930725,0,tracked,True,roi_center,,0.3842131793498993,0.863990340675755,30.347312927246094,61.02552019432187,477.8533955067396,-0.141050785779953,-0.6239838004112244,-13.179494798183441,-2.0673431009054184,True,False,0.33211879193782806,0.7462153387031482,0.5149964198260488,12.0,,video_playback_only,12.0,,,,,,2.6139438759661497,2.6139438759661497,
13,1,13:1,201.76135221123695,121.88997134566307,170.76135221123695,90.88997134566307,232.76135221123695,152.88997134566307,62,62,31,3019.0705400997913,,0.7300024628639221,0,tracked,True,roi_center,,0.11294448375701904,4.012423740069086,24.024559020996094,201.76135221123695,121.88997134566307,-1.7786359786987305,-0.41231030225753784,-14.958130776882172,-2.4796534031629562,True,False,0.5543217107653617,0.587137675757575,0.15667127480297705,13.0,,video_playback_only,13.0,,,,,,4.924908591056278,4.924908591056278,
13,2,13:2,284.50250205397606,217.5109495818615,253.50250205397606,186.5109495818615,315.50250205397606,248.5109495818615,62,62,31,3019.0705400997913,,0.8515450954437256,0,tracked,True,roi_center,,0.11104410886764526,4.238090148112027,36.2065315246582,284.50250205397606,217.5109495818615,-1.7786359786987305,-0.41231030225753784,-14.958130776882172,-2.4796534031629562,True,False,0.5543217107653617,0.587137675757575,0.15667127480297705,13.0,,video_playback_only,13.0,,,,,,24.94971942715617,24.94971942715617,
13,3,13:3,151.02513082697988,249.681753128767,116.02513082697988,214.681753128767,186.02513082697988,284.681753128767,70,70,35,3848.4510006474966,,0.7310948371887207,0,tracked,True,roi_center,,0.2865391969680786,1.017771560733738,15.869911193847656,151.02513082697988,249.681753128767,-1.7786359786987305,-0.41231030225753784,-14.958130776882172,-2.4796534031629562,True,False,0.5543217107653617,0.587137675757575,0.15667127480297705,13.0,,video_playback_only,13.0,,,,,,1.0399981926290596,1.0399981926290596,
13,4,13:4,91.27743083238602,323.0926074758172,55.27743083238602,287.0926074758172,127.27743083238602,359.0926074758172,72,72,36,4071.5040790523717,,0.9457741975784302,0,tracked,True,roi_center,,0.16546159982681274,0.34166297320608013,45.12314224243164,91.27743083238602,323.0926074758172,-1.7786359786987305,-0.41231030225753784,-14.958130776882172,-2.4796534031629562,True,False,0.5543217107653617,0.587137675757575,0.15667127480297705,13.0,,video_playback_only,13.0,,,,,,1.5768849870648745,1.5768849870648745,
13,6,13:6,77.18698543310165,403.4902758896351,37.186985433101654,363.4902758896351,117.18698543310165,443.4902758896351,80,80,40,5026.548245743669,,0.9441080689430237,0,tracked,True,roi_center,,0.237291157245636,0.8479207637241482,75.76130294799805,77.18698543310165,403.4902758896351,-1.7786359786987305,-0.41231030225753784,-14.958130776882172,-2.4796534031629562,True,False,0.5543217107653617,0.587137675757575,0.15667127480297705,13.0,,video_playback_only,13.0,,,,,,1.9280555699324302,1.9280555699324302,
13,7,13:7,69.56143996119499,476.8319566845894,30.561439961194992,437.8319566845894,108.56143996119499,515.8319566845894,78,78,39,4778.362426110075,,0.7430984377861023,0,tracked,True,roi_center,,0.2916477918624878,3.1018268442074417,21.064380645751953,69.56143996119499,476.8319566845894,-1.7786359786987305,-0.41231030225753784,-14.958130776882172,-2.4796534031629562,True,False,0.5543217107653617,0.587137675757575,0.15667127480297705,13.0,,video_playback_only,13.0,,,,,,8.59681705830076,8.59681705830076,
14,1,14:1,198.2414172887802,120.8234074562788,167.2414172887802,89.8234074562788,229.2414172887802,151.8234074562788,62,62,31,3019.0705400997913,,0.7453601360321045,0,tracked,True,roi_center,,0.03537154197692871,2.910187005640606,29.926395416259766,198.2414172887802,120.8234074562788,-1.1178871393203735,-0.5669289827346802,-16.076017916202545,-3.0465823858976364,True,False,0.5791982540488243,0.7201402305184044,0.14430207385724694,14.0,,video_playback_only,14.0,,,,,,3.6779750391307777,3.6779750391307777,
14,2,14:2,283.3679096996784,217.3144283592701,252.36790969967842,186.3144283592701,314.3679096996784,248.3144283592701,62,62,31,3019.0705400997913,,0.9157236218452454,0,tracked,True,roi_center,,0.22274279594421387,0.4737246181617629,31.43648910522461,283.3679096996784,217.3144283592701,-1.1178871393203735,-0.5669289827346802,-16.076017916202545,-3.0465823858976364,True,False,0.5791982540488243,0.7201402305184044,0.14430207385724694,14.0,,video_playback_only,14.0,,,,,,1.1514861707200288,1.1514861707200288,
14,3,14:3,151.53762286901474,250.2797550559044,116.53762286901474,215.2797550559044,186.53762286901474,285.2797550559044,70,70,35,3848.4510006474966,,0.7990060448646545,0,tracked,True,roi_center,,0.4699215292930603,0.24011572466504338,12.991783142089844,151.53762286901474,250.2797550559044,-1.1178871393203735,-0.5669289827346802,-16.076017916202545,-3.0465823858976364,True,False,0.5791982540488243,0.7201402305184044,0.14430207385724694,14.0,,video_playback_only,14.0,,,,,,0.7875623137308434,0.7875623137308434,
14,4,14:4,90.57857352495193,322.48556911945343,54.578573524951935,286.48556911945343,126.57857352495193,358.48556911945343,72,72,36,4071.5040790523717,,0.9217241406440735,0,tracked,True,roi_center,,0.19469231367111206,0.40574541945387266,60.61647605895996,90.57857352495193,322.48556911945343,-1.1178871393203735,-0.5669289827346802,-16.076017916202545,-3.0465823858976364,True,False,0.5791982540488243,0.7201402305184044,0.14430207385724694,14.0,,video_playback_only,14.0,,,,,,0.9256873674469402,0.9256873674469402,
14,6,14:6,78.48696258664131,404.79718708992004,38.48696258664131,364.79718708992004,118.48696258664131,444.79718708992004,80,80,40,5026.548245743669,,0.9642902612686157,0,tracked,True,roi_center,,0.21921205520629883,0.5568751063492801,74.5948314666748,78.48696258664131,404.79718708992004,-1.1178871393203735,-0.5669289827346802,-16.076017916202545,-3.0465823858976364,True,False,0.5791982540488243,0.7201402305184044,0.14430207385724694,14.0,,video_playback_only,14.0,,,,,,1.843354953652535,1.843354953652535,
14,7,14:7,71.09220338612795,479.77673599123955,32.09220338612795,440.77673599123955,110.09220338612795,518.7767359912395,78,78,39,4778.362426110075,,0.8209887146949768,0,tracked,True,roi_center,,0.39379560947418213,1.3168102642450974,20.19256591796875,71.09220338612795,479.77673599123955,-1.1178871393203735,-0.5669289827346802,-16.076017916202545,-3.0465823858976364,True,False,0.5791982540488243,0.7201402305184044,0.14430207385724694,14.0,,video_playback_only,14.0,,,,,,3.318879604322441,3.318879604322441,
15,1,,,,,,,,62,62,31,3019.0705400997913,,0.7695944309234619,0,uncertain,False,roi_center,backward_inconsistent,0.057911455631256104,14.775931434930024,38.20321273803711,210.03764363005757,97.21606236696243,-0.1465589553117752,0.1956213116645813,-16.22257687151432,-2.850961074233055,True,False,0.5423684552311897,0.6975298702610322,0.28094433734483204,15.0,,video_playback_only,15.0,,,,,,,,
15,2,15:2,296.504066824913,221.21630904078484,265.504066824913,190.21630904078484,327.504066824913,252.21630904078484,62,62,31,3019.0705400997913,,0.8071820139884949,0,tracked,True,roi_center,,0.11282896995544434,2.145083587970324,25.220436096191406,296.504066824913,221.21630904078484,-0.1465589553117752,0.1956213116645813,-16.22257687151432,-2.850961074233055,True,False,0.5423684552311897,0.6975298702610322,0.28094433734483204,15.0,,video_playback_only,15.0,,,,,,13.703404572281656,13.703404572281656,
15,3,15:3,152.9124616459012,250.3188306093216,117.9124616459012,215.3188306093216,187.9124616459012,285.3188306093216,70,70,35,3848.4510006474966,,0.7781805396080017,0,tracked,True,roi_center,,0.403152734041214,0.4450675397588702,13.494277954101562,152.9124616459012,250.3188306093216,-0.1465589553117752,0.1956213116645813,-16.22257687151432,-2.850961074233055,True,False,0.5423684552311897,0.6975298702610322,0.28094433734483204,15.0,,video_playback_only,15.0,,,,,,1.3753939658532486,1.3753939658532486,
15,4,15:4,91.97910644300282,321.81928300857544,55.97910644300282,285.81928300857544,127.97910644300282,357.81928300857544,72,72,36,4071.5040790523717,,0.9535545110702515,0,tracked,True,roi_center,,0.18042206764221191,0.4089407677112548,53.65477752685547,91.97910644300282,321.81928300857544,-0.1465589553117752,0.1956213116645813,-16.22257687151432,-2.850961074233055,True,False,0.5423684552311897,0.6975298702610322,0.28094433734483204,15.0,,video_playback_only,15.0,,,,,,1.5509447559771579,1.5509447559771579,
15,6,15:6,79.3762771487236,405.78379310667515,39.3762771487236,365.78379310667515,119.3762771487236,445.78379310667515,80,80,40,5026.548245743669,,0.9579929113388062,0,tracked,True,roi_center,,0.19223028421401978,0.6430039989660473,72.0723705291748,79.3762771487236,405.78379310667515,-0.1465589553117752,0.1956213116645813,-16.22257687151432,-2.850961074233055,True,False,0.5423684552311897,0.6975298702610322,0.28094433734483204,15.0,,video_playback_only,15.0,,,,,,1.3282589441178212,1.3282589441178212,
15,7,15:7,79.56095433235168,481.1616086512804,40.560954332351685,442.1616086512804,118.56095433235168,520.1616086512804,78,78,39,4778.362426110075,,0.8389890789985657,0,tracked,True,roi_center,,0.34846916794776917,0.8629732487006936,21.42441177368164,79.56095433235168,481.1616086512804,-0.1465589553117752,0.1956213116645813,-16.22257687151432,-2.850961074233055,True,False,0.5423684552311897,0.6975298702610322,0.28094433734483204,15.0,,video_playback_only,15.0,,,,,,8.581236208944144,8.581236208944144,
16,1,16:1,213.29379677772522,126.5527937412262,182.29379677772522,95.5527937412262,244.29379677772522,157.5527937412262,62,62,31,3019.0705400997913,,0.9000245332717896,0,reacquired,True,roi_center,,0.15808814764022827,2.3055211313308726,36.60143280029297,213.29379677772522,126.5527937412262,-1.7859870195388794,-1.2253087759017944,-18.0085638910532,-4.0762698501348495,True,False,0.5827353635430336,0.645837747786862,0.29592600248782114,16.0,,video_playback_only,16.0,,,,,,,,
16,2,,,,,,,,62,62,31,3019.0705400997913,,0.7200121283531189,0,uncertain,False,roi_center,backward_inconsistent,0.07064163684844971,14.27247076766395,21.46435546875,318.50217893719673,232.50119584798813,-1.7859870195388794,-1.2253087759017944,-18.0085638910532,-4.0762698501348495,True,False,0.5827353635430336,0.645837747786862,0.29592600248782114,16.0,,video_playback_only,16.0,,,,,,,,
16,3,16:3,153.4517111480236,249.01204969454557,118.4517111480236,214.01204969454557,188.4517111480236,284.01204969454557,70,70,35,3848.4510006474966,,0.7361776232719421,0,tracked,True,roi_center,,0.148908793926239,1.231055485900637,14.463958740234375,153.4517111480236,249.01204969454557,-1.7859870195388794,-1.2253087759017944,-18.0085638910532,-4.0762698501348495,True,False,0.5827353635430336,0.645837747786862,0.29592600248782114,16.0,,video_playback_only,16.0,,,,,,1.413671243522386,1.413671243522386,
16,4,16:4,92.52592805027962,322.4144694209099,56.52592805027962,286.4144694209099,128.52592805027962,358.4144694209099,72,72,36,4071.5040790523717,,0.940968930721283,0,tracked,True,roi_center,,0.20144718885421753,1.201757474353583,47.83338165283203,92.52592805027962,322.4144694209099,-1.7859870195388794,-1.2253087759017944,-18.0085638910532,-4.0762698501348495,True,False,0.5827353635430336,0.645837747786862,0.29592600248782114,16.0,,video_playback_only,16.0,,,,,,0.8082454674245471,0.8082454674245471,
16,6,16:6,79.83031357824802,407.89227213710546,39.830313578248024,367.89227213710546,119.83031357824802,447.89227213710546,80,80,40,5026.548245743669,,0.9317705631256104,0,tracked,True,roi_center,,0.13102293014526367,1.142054098842989,69.4516716003418,79.83031357824802,407.89227213710546,-1.7859870195388794,-1.2253087759017944,-18.0085638910532,-4.0762698501348495,True,False,0.5827353635430336,0.645837747786862,0.29592600248782114,16.0,,video_playback_only,16.0,,,,,,2.15681081717884,2.15681081717884,
16,7,16:7,76.58434489369392,481.9629750214517,37.584344893693924,442.9629750214517,115.58434489369392,520.9629750214517,78,78,39,4778.362426110075,,0.7612197399139404,0,tracked,True,roi_center,,0.23071110248565674,0.4971031158863525,19.412818908691406,76.58434489369392,481.9629750214517,-1.7859870195388794,-1.2253087759017944,-18.0085638910532,-4.0762698501348495,True,False,0.5827353635430336,0.645837747786862,0.29592600248782114,16.0,,video_playback_only,16.0,,,,,,3.082594979809707,3.082594979809707,
17,1,,,,,,,,62,62,31,3019.0705400997913,,0.8203436732292175,0,uncertain,False,roi_center,backward_inconsistent,0.049857497215270996,26.002482008200957,37.49599838256836,204.88693200796843,101.49996462464333,-1.6327760219573975,0.751818060874939,-19.641339913010597,-3.3244517892599106,True,False,0.7286203317344189,0.7575744406423678,0.4201255990912613,17.0,,video_playback_only,17.0,,,,,,,,
17,2,17:2,297.14645056426525,207.70272174477577,266.14645056426525,176.70272174477577,328.14645056426525,238.70272174477577,62,62,31,3019.0705400997913,,0.7360387444496155,0,reacquired,True,roi_center,,0.1108049750328064,10.563119123505388,34.028785705566406,297.14645056426525,207.70272174477577,-1.6327760219573975,0.751818060874939,-19.641339913010597,-3.3244517892599106,True,False,0.7286203317344189,0.7575744406423678,0.4201255990912613,17.0,,video_playback_only,17.0,,,,,,,,
17,3,17:3,154.08521912246943,249.99619251210243,119.08521912246943,214.99619251210243,189.08521912246943,284.9961925121024,70,70,35,3848.4510006474966,,0.8499966859817505,0,tracked,True,roi_center,,0.13820427656173706,0.22347025233852827,17.59064483642578,154.08521912246943,249.99619251210243,-1.6327760219573975,0.751818060874939,-19.641339913010597,-3.3244517892599106,True,False,0.7286203317344189,0.7575744406423678,0.4201255990912613,17.0,,video_playback_only,17.0,,,,,,1.1704142168630713,1.1704142168630713,
17,4,17:4,91.84316070377827,324.25723761320114,55.84316070377827,288.25723761320114,127.84316070377827,360.25723761320114,72,72,36,4071.5040790523717,,0.9623996019363403,0,tracked,True,roi_center,,0.14051061868667603,0.35338478973279064,54.66844940185547,91.84316070377827,324.25723761320114,-1.6327760219573975,0.751818060874939,-19.641339913010597,-3.3244517892599106,True,False,0.7286203317344189,0.7575744406423678,0.4201255990912613,17.0,,video_playback_only,17.0,,,,,,1.965188504945236,1.965188504945236,
17,6,17:6,77.67239364981651,409.7925998866558,37.67239364981651,369.7925998866558,117.67239364981651,449.7925998866558,80,80,40,5026.548245743669,,0.9414439797401428,0,tracked,True,roi_center,,0.06506657600402832,0.5000985266644123,63.38727569580078,77.67239364981651,409.7925998866558,-1.6327760219573975,0.751818060874939,-19.641339913010597,-3.3244517892599106,True,False,0.7286203317344189,0.7575744406423678,0.4201255990912613,17.0,,video_playback_only,17.0,,,,,,2.8753893602837386,2.8753893602837386,
17,7,17:7,75.04920231550932,484.89375898241997,36.04920231550932,445.89375898241997,114.04920231550932,523.89375898242,78,78,39,4778.362426110075,,0.8638396859169006,0,tracked,True,roi_center,,0.3823601305484772,0.37675490455094085,14.381656646728516,75.04920231550932,484.89375898241997,-1.6327760219573975,0.751818060874939,-19.641339913010597,-3.3244517892599106,True,False,0.7286203317344189,0.7575744406423678,0.4201255990912613,17.0,,video_playback_only,17.0,,,,,,3.3084977499197508,3.3084977499197508,
18,1,,,,,,,,62,62,31,3019.0705400997913,,0.7653765082359314,0,uncertain,False,roi_center,backward_inconsistent,0.13801294565200806,27.454532716027014,22.39311981201172,208.6000912487507,99.75017637014389,-0.6224638223648071,0.01768410950899124,-20.263803735375404,-3.3067676797509193,True,False,0.4930086202919483,0.6266338383837462,0.16900930871569933,18.0,,video_playback_only,18.0,,,,,,,,
18,2,18:2,311.5009005367756,230.50841903686523,280.5009005367756,199.50841903686523,342.5009005367756,261.50841903686523,62,62,31,3019.0705400997913,,0.7220944166183472,0,tracked,True,roi_center,,0.39329689741134644,8.049307100393849,20.60345458984375,311.5009005367756,230.50841903686523,-0.6224638223648071,0.01768410950899124,-20.263803735375404,-3.3067676797509193,True,False,0.4930086202919483,0.6266338383837462,0.16900930871569933,18.0,,video_playback_only,18.0,,,,,,26.94717170672497,26.94717170672497,
18,3,,,,,,,,70,70,35,3848.4510006474966,,0.742459237575531,0,uncertain,False,roi_center,ambiguous_peak,0.009814143180847168,0.5255766964538839,16.010887145996094,155.1990492194891,249.36108994483948,-0.6224638223648071,0.01768410950899124,-20.263803735375404,-3.3067676797509193,True,False,0.4930086202919483,0.6266338383837462,0.16900930871569933,18.0,,video_playback_only,18.0,,,,,,,,
18,4,18:4,93.92016854137182,325.43558099865913,57.92016854137182,289.43558099865913,129.92016854137182,361.43558099865913,72,72,36,4071.5040790523717,,0.9069904088973999,0,tracked,True,roi_center,,0.10694551467895508,0.47892731867674704,45.002098083496094,93.92016854137182,325.43558099865913,-0.6224638223648071,0.01768410950899124,-20.263803735375404,-3.3067676797509193,True,False,0.4930086202919483,0.6266338383837462,0.16900930871569933,18.0,,video_playback_only,18.0,,,,,,2.387981300487435,2.387981300487435,
18,6,18:6,85.97087656334043,414.3150563240051,45.970876563340425,374.3150563240051,125.97087656334043,454.3150563240051,80,80,40,5026.548245743669,,0.9367937445640564,0,tracked,True,roi_center,,0.063792884349823,0.7446163479725081,58.48945236206055,85.97087656334043,414.3150563240051,-0.6224638223648071,0.01768410950899124,-20.263803735375404,-3.3067676797509193,True,False,0.4930086202919483,0.6266338383837462,0.16900930871569933,18.0,,video_playback_only,18.0,,,,,,9.450789961361464,9.450789961361464,
18,7,18:7,82.15589420497417,491.0022118932102,43.155894204974174,452.0022118932102,121.15589420497417,530.0022118932102,78,78,39,4778.362426110075,,0.7761785387992859,0,tracked,True,roi_center,,0.14281421899795532,0.31494126271587913,13.103080749511719,82.15589420497417,491.0022118932102,-0.6224638223648071,0.01768410950899124,-20.263803735375404,-3.3067676797509193,True,False,0.4930086202919483,0.6266338383837462,0.16900930871569933,18.0,,video_playback_only,18.0,,,,,,9.371140089398251,9.371140089398251,
19,1,19:1,232.9544095657766,140.41659796237946,201.9544095657766,109.41659796237946,263.9544095657766,171.41659796237946,62,62,31,3019.0705400997913,,0.8445135951042175,0,reacquired,True,roi_center,,0.2840649485588074,1.494970428326331,24.795188903808594,232.9544095657766,140.41659796237946,-2.4402551651000977,-0.4013436734676361,-22.704058900475502,-3.7081113532185555,True,False,0.6928149533271789,0.6166289943098457,0.5603264828847404,19.0,,video_playback_only,19.0,,,,,,,,
19,2,19:2,314.896050311625,245.8721586316824,283.896050311625,214.8721586316824,345.896050311625,276.8721586316824,62,62,31,3019.0705400997913,,0.7251081466674805,0,tracked,True,roi_center,,0.39100563526153564,0.9495811034311489,22.739883422851562,314.896050311625,245.8721586316824,-2.4402551651000977,-0.4013436734676361,-22.704058900475502,-3.7081113532185555,True,False,0.6928149533271789,0.6166289943098457,0.5603264828847404,19.0,,video_playback_only,19.0,,,,,,15.734406132136435,15.734406132136435,
19,3,19:3,160.94582153111696,249.0610796660185,125.94582153111696,214.0610796660185,195.94582153111696,284.0610796660185,70,70,35,3848.4510006474966,,0.7659634351730347,0,reacquired,True,roi_center,,0.05077153444290161,0.2481233537376239,32.94476318359375,160.94582153111696,249.0610796660185,-2.4402551651000977,-0.4013436734676361,-22.704058900475502,-3.7081113532185555,True,False,0.6928149533271789,0.6166289943098457,0.5603264828847404,19.0,,video_playback_only,19.0,,,,,,,,
19,4,19:4,93.76404494047165,325.17068795859814,57.76404494047165,289.17068795859814,129.76404494047165,361.17068795859814,72,72,36,4071.5040790523717,,0.8724710941314697,0,tracked,True,roi_center,,0.17753255367279053,0.5873954843831702,39.05282211303711,93.76404494047165,325.17068795859814,-2.4402551651000977,-0.4013436734676361,-22.704058900475502,-3.7081113532185555,True,False,0.6928149533271789,0.6166289943098457,0.5603264828847404,19.0,,video_playback_only,19.0,,,,,,0.3074782942433393,0.3074782942433393,
19,6,19:6,83.71223387122154,414.18576020002365,43.71223387122154,374.18576020002365,123.71223387122154,454.18576020002365,80,80,40,5026.548245743669,,0.9127712845802307,0,tracked,True,roi_center,,0.07368183135986328,0.7072264500600559,55.96887969970703,83.71223387122154,414.18576020002365,-2.4402551651000977,-0.4013436734676361,-22.704058900475502,-3.7081113532185555,True,False,0.6928149533271789,0.6166289943098457,0.5603264828847404,19.0,,video_playback_only,19.0,,,,,,2.2623404470456405,2.2623404470456405,
19,7,,,,,,,,78,78,39,4778.362426110075,,0.6959452629089355,0,uncertain,False,roi_center,backward_inconsistent,0.10521107912063599,19.204512050717433,13.828193664550781,80.02838268876076,492.1332162171602,-2.4402551651000977,-0.4013436734676361,-22.704058900475502,-3.7081113532185555,True,False,0.6928149533271789,0.6166289943098457,0.5603264828847404,19.0,,video_playback_only,19.0,,,,,,,,
20,1,20:1,229.0674825310707,139.046146068722,198.0674825310707,108.04614606872201,260.0674825310707,170.046146068722,62,62,31,3019.0705400997913,,0.7793135643005371,0,tracked,True,roi_center,,0.2249775528907776,2.991485342714997,23.221633911132812,229.0674825310707,139.046146068722,-1.4952300786972046,-0.7351083755493164,-24.199288979172707,-4.443219728767872,True,False,0.6265243766456843,0.6548109285668472,0.3290933259459037,20.0,,video_playback_only,20.0,,,,,,4.121448794532901,4.121448794532901,
20,2,20:2,330.57676696777344,260.1675720512867,299.57676696777344,229.1675720512867,361.57676696777344,291.1675720512867,62,62,31,3019.0705400997913,,0.7537276148796082,0,tracked,True,roi_center,,0.12215065956115723,0.8195776937069009,28.93035125732422,330.57676696777344,260.1675720512867,-1.4952300786972046,-0.7351083755493164,-24.199288979172707,-4.443219728767872,True,False,0.6265243766456843,0.6548109285668472,0.3290933259459037,20.0,,video_playback_only,20.0,,,,,,21.21894718613093,21.21894718613093,
20,3,20:3,161.77091796696186,249.36445757746696,126.77091796696186,214.36445757746696,196.77091796696186,284.36445757746696,70,70,35,3848.4510006474966,,0.8845412135124207,0,tracked,True,roi_center,,0.13046538829803467,0.2547463091748039,38.72069549560547,161.77091796696186,249.36445757746696,-1.4952300786972046,-0.7351083755493164,-24.199288979172707,-4.443219728767872,True,False,0.6265243766456843,0.6548109285668472,0.3290933259459037,20.0,,video_playback_only,20.0,,,,,,0.8791031143152634,0.8791031143152634,
20,4,20:4,93.25363981723785,325.20613445341587,57.253639817237854,289.20613445341587,129.25363981723785,361.20613445341587,72,72,36,4071.5040790523717,,0.8512598872184753,0,tracked,True,roi_center,,0.11697155237197876,0.20193120620665753,41.125423431396484,93.25363981723785,325.20613445341587,-1.4952300786972046,-0.7351083755493164,-24.199288979172707,-4.443219728767872,True,False,0.6265243766456843,0.6548109285668472,0.3290933259459037,20.0,,video_playback_only,20.0,,,,,,0.5116344826320537,0.5116344826320537,
20,6,,,,,,,,80,80,40,5026.548245743669,,0.8959710597991943,0,uncertain,False,roi_center,backward_inconsistent,0.11887925863265991,12.638315932378935,50.57292938232422,97.7934158295393,428.37071603536606,-1.4952300786972046,-0.7351083755493164,-24.199288979172707,-4.443219728767872,True,False,0.6265243766456843,0.6548109285668472,0.3290933259459037,20.0,,video_playback_only,20.0,,,,,,,,
20,7,,,,,,,,78,78,39,4778.362426110075,,0.6579741835594177,0,uncertain,False,roi_center,backward_inconsistent,0.15416353940963745,22.014789735974297,15.975757598876953,77.64849746227264,490.7717325538397,-1.4952300786972046,-0.7351083755493164,-24.199288979172707,-4.443219728767872,True,False,0.6265243766456843,0.6548109285668472,0.3290933259459037,20.0,,video_playback_only,20.0,,,,,,,,
21,1,21:1,230.3695583641529,138.867808714509,199.3695583641529,107.86780871450901,261.3695583641529,169.867808714509,62,62,31,3019.0705400997913,,0.806776225566864,0,tracked,True,roi_center,,0.24804842472076416,1.4978197609320305,21.106773376464844,230.3695583641529,138.867808714509,-0.3974071145057678,-0.05182512104511261,-24.596696093678474,-4.4950448498129845,True,False,0.572416954934597,0.7301097528140925,0.2474571754680687,21.0,,video_playback_only,21.0,,,,,,1.3142319761002605,1.3142319761002605,
21,2,21:2,354.5102892816067,270.903541110456,323.5102892816067,239.903541110456,385.5102892816067,301.903541110456,62,62,31,3019.0705400997913,,0.6845987439155579,0,tracked,True,roi_center,,0.17538803815841675,2.2835266522590585,19.670425415039062,354.5102892816067,270.903541110456,-0.3974071145057678,-0.05182512104511261,-24.596696093678474,-4.4950448498129845,True,False,0.572416954934597,0.7301097528140925,0.2474571754680687,21.0,,video_playback_only,21.0,,,,,,26.2311746207865,26.2311746207865,
21,3,21:3,161.79100140929222,250.21105648577213,126.79100140929222,215.21105648577213,196.79100140929222,285.21105648577213,70,70,35,3848.4510006474966,,0.9005336761474609,0,tracked,True,roi_center,,0.19599294662475586,0.40481141072478993,40.65449523925781,161.79100140929222,250.21105648577213,-0.3974071145057678,-0.05182512104511261,-24.596696093678474,-4.4950448498129845,True,False,0.572416954934597,0.7301097528140925,0.2474571754680687,21.0,,video_playback_only,21.0,,,,,,0.8468370895274601,0.8468370895274601,
21,4,21:4,93.42101883888245,325.154204711318,57.421018838882446,289.154204711318,129.42101883888245,361.154204711318,72,72,36,4071.5040790523717,,0.9293407201766968,0,tracked,True,roi_center,,0.2444394826889038,0.11304645609737812,43.78418731689453,93.42101883888245,325.154204711318,-0.3974071145057678,-0.05182512104511261,-24.596696093678474,-4.4950448498129845,True,False,0.572416954934597,0.7301097528140925,0.2474571754680687,21.0,,video_playback_only,21.0,,,,,,0.17524963623657136,0.17524963623657136,
21,6,21:6,89.61195662617683,423.7909717410803,49.611956626176834,383.7909717410803,129.61195662617683,463.7909717410803,80,80,40,5026.548245743669,,0.8930947184562683,0,reacquired,True,roi_center,,0.16188699007034302,1.0987439810496153,53.56064987182617,89.61195662617683,423.7909717410803,-0.3974071145057678,-0.05182512104511261,-24.596696093678474,-4.4950448498129845,True,False,0.572416954934597,0.7301097528140925,0.2474571754680687,21.0,,video_playback_only,21.0,,,,,,,,
21,7,,,,,,,,78,78,39,4778.362426110075,,0.6763550639152527,0,uncertain,False,roi_center,backward_inconsistent,0.130557119846344,27.589850284237937,25.252735137939453,65.32053968310356,498.26285868883133,-0.3974071145057678,-0.05182512104511261,-24.596696093678474,-4.4950448498129845,True,False,0.572416954934597,0.7301097528140925,0.2474571754680687,21.0,,video_playback_only,21.0,,,,,,,,
22,1,22:1,252.5011731982231,126.26425132155418,221.5011731982231,95.26425132155418,283.5011731982231,157.26425132155418,62,62,31,3019.0705400997913,,0.75022292137146,0,tracked,True,roi_center,,0.14330708980560303,0.5641753970704659,21.639617919921875,252.5011731982231,126.26425132155418,-1.6333461999893188,-0.7947693467140198,-26.230042293667793,-5.289814196527004,True,False,0.6422720162570477,0.5263165879352085,0.1513741106243814,22.0,,video_playback_only,22.0,,,,,,25.468765853907065,25.468765853907065,
22,2,,,,,,,,62,62,31,3019.0705400997913,,0.37485241889953613,0,uncertain,False,roi_center,low_ncc;backward_inconsistent,0.16418705880641937,17.400710665155547,16.658187866210938,369.8499306589365,278.8631730377674,-1.6333461999893188,-0.7947693467140198,-26.230042293667793,-5.289814196527004,True,False,0.6422720162570477,0.5263165879352085,0.1513741106243814,22.0,,video_playback_only,22.0,,,,,,,,
22,3,22:3,161.15381917357445,249.0118871210143,126.15381917357445,214.0118871210143,196.15381917357445,284.0118871210143,70,70,35,3848.4510006474966,,0.8910371661186218,0,tracked,True,roi_center,,0.13885903358459473,0.9157546783700532,48.00393295288086,161.15381917357445,249.0118871210143,-1.6333461999893188,-0.7947693467140198,-26.230042293667793,-5.289814196527004,True,False,0.6422720162570477,0.5263165879352085,0.1513741106243814,22.0,,video_playback_only,22.0,,,,,,1.3579426964669796,1.3579426964669796,
22,4,22:4,95.37169677019119,323.7364130914211,59.37169677019119,287.7364130914211,131.3716967701912,359.7364130914211,72,72,36,4071.5040790523717,,0.8845317363739014,0,tracked,True,roi_center,,0.13256800174713135,0.5687931416305071,48.160953521728516,95.37169677019119,323.7364130914211,-1.6333461999893188,-0.7947693467140198,-26.230042293667793,-5.289814196527004,True,False,0.6422720162570477,0.5263165879352085,0.1513741106243814,22.0,,video_playback_only,22.0,,,,,,2.4114886417200503,2.4114886417200503,
22,6,22:6,97.75356850028038,428.3174396455288,57.75356850028038,388.3174396455288,137.75356850028038,468.3174396455288,80,80,40,5026.548245743669,,0.9043595790863037,0,tracked,True,roi_center,,0.2226705551147461,1.2353941521340948,57.80681037902832,97.75356850028038,428.3174396455288,-1.6333461999893188,-0.7947693467140198,-26.230042293667793,-5.289814196527004,True,False,0.6422720162570477,0.5263165879352085,0.1513741106243814,22.0,,video_playback_only,22.0,,,,,,9.315296860462706,9.315296860462706,
22,7,,,,,,,,78,78,39,4778.362426110075,,,0,lost,False,roi_center,memory_exhausted_requires_manual_anchor,,,,,,-1.6333461999893188,-0.7947693467140198,-26.230042293667793,-5.289814196527004,True,False,0.6422720162570477,0.5263165879352085,0.1513741106243814,22.0,,video_playback_only,22.0,,,,,,,,
23,1,23:1,275.50238674879074,113.4997498691082,244.50238674879074,82.4997498691082,306.50238674879074,144.4997498691082,62,62,31,3019.0705400997913,,0.6738018989562988,0,tracked,True,roi_center,,0.19382816553115845,7.118139774084094,22.24584197998047,275.50238674879074,113.4997498691082,-1.249381184577942,-0.7976738214492798,-27.479423478245735,-6.087488017976284,True,False,0.6701151776313782,0.5885014532538552,0.08824851534614538,23.0,,video_playback_only,23.0,,,,,,26.305670911959485,26.305670911959485,
23,2,,,,,,,,62,62,31,3019.0705400997913,,0.3588778078556061,0,uncertain,False,roi_center,low_ncc;backward_inconsistent,0.025016367435455322,17.001290039917652,9.242691040039062,390.5026443898678,266.4936731159687,-1.249381184577942,-0.7976738214492798,-27.479423478245735,-6.087488017976284,True,False,0.6701151776313782,0.5885014532538552,0.08824851534614538,23.0,,video_playback_only,23.0,,,,,,,,
23,3,23:3,177.5012782216072,227.4966275691986,142.5012782216072,192.4966275691986,212.5012782216072,262.4966275691986,70,70,35,3848.4510006474966,,0.8038576245307922,0,tracked,True,roi_center,,0.12215781211853027,4.757085791638703,36.204349517822266,177.5012782216072,227.4966275691986,-1.249381184577942,-0.7976738214492798,-27.479423478245735,-6.087488017976284,True,False,0.6701151776313782,0.5885014532538552,0.08824851534614538,23.0,,video_playback_only,23.0,,,,,,27.021210389416392,27.021210389416392,
23,4,23:4,94.51229268312454,324.31097424030304,58.51229268312454,288.31097424030304,130.51229268312454,360.31097424030304,72,72,36,4071.5040790523717,,0.8984977602958679,0,tracked,True,roi_center,,0.14944595098495483,1.036582936211082,42.016483306884766,94.51229268312454,324.31097424030304,-1.249381184577942,-0.7976738214492798,-27.479423478245735,-6.087488017976284,True,False,0.6701151776313782,0.5885014532538552,0.08824851534614538,23.0,,video_playback_only,23.0,,,,,,1.033777489922936,1.033777489922936,
23,6,23:6,96.80797275900841,428.5300129055977,56.80797275900841,388.5300129055977,136.8079727590084,468.5300129055977,80,80,40,5026.548245743669,,0.9504514932632446,0,tracked,True,roi_center,,0.2091008424758911,0.19138753310413734,47.43756103515625,96.80797275900841,428.5300129055977,-1.249381184577942,-0.7976738214492798,-27.479423478245735,-6.087488017976284,True,False,0.6701151776313782,0.5885014532538552,0.08824851534614538,23.0,,video_playback_only,23.0,,,,,,0.9691948703991415,0.9691948703991415,
23,7,,,,,,,,78,78,39,4778.362426110075,,,0,lost,False,roi_center,memory_exhausted_requires_manual_anchor,,,,,,-1.249381184577942,-0.7976738214492798,-27.479423478245735,-6.087488017976284,True,False,0.6701151776313782,0.5885014532538552,0.08824851534614538,23.0,,video_playback_only,23.0,,,,,,,,
24,1,24:1,283.6721415221691,127.64913141727448,252.6721415221691,96.64913141727448,314.6721415221691,158.64913141727448,62,62,31,3019.0705400997913,,0.7189450860023499,0,tracked,True,roi_center,,0.2119198441505432,9.225010906936774,20.199142456054688,283.6721415221691,127.64913141727448,-0.7596224546432495,-0.6291053891181946,-28.239045932888985,-6.716593407094479,True,False,0.47045375645160675,0.5975174401685386,0.47815438286619916,24.0,,video_playback_only,24.0,,,,,,16.33860126365556,16.33860126365556,
24,2,24:2,335.8246492892504,249.1896597892046,304.8246492892504,218.1896597892046,366.8246492892504,280.1896597892046,62,62,31,3019.0705400997913,,0.5663291811943054,0,reacquired,True,roi_center,,0.3447345942258835,1.1294676562922201,22.147361755371094,335.8246492892504,249.1896597892046,-0.7596224546432495,-0.6291053891181946,-28.239045932888985,-6.716593407094479,True,False,0.47045375645160675,0.5975174401685386,0.47815438286619916,24.0,,video_playback_only,24.0,,,,,,,,
24,3,24:3,172.6983735859394,253.5016064941883,137.6983735859394,218.5016064941883,207.6983735859394,288.5016064941883,70,70,35,3848.4510006474966,,0.7930113673210144,0,tracked,True,roi_center,,0.2544606924057007,2.386201707265741,30.92123794555664,172.6983735859394,253.5016064941883,-0.7596224546432495,-0.6291053891181946,-28.239045932888985,-6.716593407094479,True,False,0.47045375645160675,0.5975174401685386,0.47815438286619916,24.0,,video_playback_only,24.0,,,,,,26.444788178930036,26.444788178930036,
24,4,24:4,96.42006433010101,323.76004491746426,60.42006433010101,287.76004491746426,132.420064330101,359.76004491746426,72,72,36,4071.5040790523717,,0.8917374610900879,0,tracked,True,roi_center,,0.18425852060317993,0.477757458033771,39.38215255737305,96.42006433010101,323.76004491746426,-0.7596224546432495,-0.6291053891181946,-28.239045932888985,-6.716593407094479,True,False,0.47045375645160675,0.5975174401685386,0.47815438286619916,24.0,,video_playback_only,24.0,,,,,,1.9857280216008728,1.9857280216008728,
24,6,24:6,97.59593692421913,428.04019771516323,57.59593692421913,388.04019771516323,137.59593692421913,468.04019771516323,80,80,40,5026.548245743669,,0.9484995007514954,0,tracked,True,roi_center,,0.23005640506744385,0.10873667667709115,45.31875228881836,97.59593692421913,428.04019771516323,-0.7596224546432495,-0.6291053891181946,-28.239045932888985,-6.716593407094479,True,False,0.47045375645160675,0.5975174401685386,0.47815438286619916,24.0,,video_playback_only,24.0,,,,,,0.9277965544431469,0.9277965544431469,
24,7,,,,,,,,78,78,39,4778.362426110075,,,0,lost,False,roi_center,memory_exhausted_requires_manual_anchor,,,,,,-0.7596224546432495,-0.6291053891181946,-28.239045932888985,-6.716593407094479,True,False,0.47045375645160675,0.5975174401685386,0.47815438286619916,24.0,,video_playback_only,24.0,,,,,,,,
25,1,25:1,281.80705800652504,127.95618647709489,250.80705800652504,96.95618647709489,312.80705800652504,158.9561864770949,62,62,31,3019.0705400997913,,0.822628378868103,0,tracked,True,roi_center,,0.3684123456478119,0.3647965286287815,18.973342895507812,281.80705800652504,127.95618647709489,-0.7765304446220398,0.052166033536195755,-29.015576377511024,-6.664427373558283,True,False,0.5390855313837528,0.7082529224789432,0.28636835372728686,25.0,,video_playback_only,25.0,,,,,,1.890190289385853,1.890190289385853,
25,2,25:2,335.8915425911546,249.27969393134117,304.8915425911546,218.27969393134117,366.8915425911546,280.27969393134117,62,62,31,3019.0705400997913,,0.659254252910614,0,tracked,True,roi_center,,0.21652504801750183,0.5257675923096488,9.786750793457031,335.8915425911546,249.27969393134117,-0.7765304446220398,0.052166033536195755,-29.015576377511024,-6.664427373558283,True,False,0.5390855313837528,0.7082529224789432,0.28636835372728686,25.0,,video_playback_only,25.0,,,,,,0.11216443549501517,0.11216443549501517,
25,3,25:3,172.2337381094694,254.03620598092675,137.2337381094694,219.03620598092675,207.2337381094694,289.03620598092675,70,70,35,3848.4510006474966,,0.6610854864120483,0,tracked,True,roi_center,,0.23380091786384583,0.8635390002759111,20.370521545410156,172.2337381094694,254.03620598092675,-0.7765304446220398,0.052166033536195755,-29.015576377511024,-6.664427373558283,True,False,0.5390855313837528,0.7082529224789432,0.28636835372728686,25.0,,video_playback_only,25.0,,,,,,0.7082956566402938,0.7082956566402938,
25,4,25:4,97.39479929208755,325.50155809521675,61.394799292087555,289.50155809521675,133.39479929208755,361.50155809521675,72,72,36,4071.5040790523717,,0.8869121074676514,0,tracked,True,roi_center,,0.20568126440048218,0.2692032344504419,31.60759735107422,97.39479929208755,325.50155809521675,-0.7765304446220398,0.052166033536195755,-29.015576377511024,-6.664427373558283,True,False,0.5390855313837528,0.7082529224789432,0.28636835372728686,25.0,,video_playback_only,25.0,,,,,,1.9957395607655066,1.9957395607655066,
25,6,25:6,98.23566776514053,427.7710956633091,58.23566776514053,387.7710956633091,138.23566776514053,467.7710956633091,80,80,40,5026.548245743669,,0.9398490786552429,0,tracked,True,roi_center,,0.17937308549880981,0.43111845847274816,42.446372985839844,98.23566776514053,427.7710956633091,-0.7765304446220398,0.052166033536195755,-29.015576377511024,-6.664427373558283,True,False,0.5390855313837528,0.7082529224789432,0.28636835372728686,25.0,,video_playback_only,25.0,,,,,,0.6940255493410231,0.6940255493410231,
25,7,,,,,,,,78,78,39,4778.362426110075,,,0,lost,False,roi_center,memory_exhausted_requires_manual_anchor,,,,,,-0.7765304446220398,0.052166033536195755,-29.015576377511024,-6.664427373558283,True,False,0.5390855313837528,0.7082529224789432,0.28636835372728686,25.0,,video_playback_only,25.0,,,,,,,,
