frame,track_id,center_x,center_y,visible,provenance
0,1,148,126,1,assistant_visual_approximate
0,2,187,188,1,assistant_visual_approximate
0,3,120,240,1,assistant_visual_approximate
0,4,100,319,1,assistant_visual_approximate
0,6,58,388,1,assistant_visual_approximate
0,7,45,460,1,assistant_visual_approximate
1,1,155,125,1,assistant_visual_approximate
1,2,194,183,1,assistant_visual_approximate
1,3,124,238,1,assistant_visual_approximate
1,4,104,313,1,assistant_visual_approximate
1,6,57,384,1,assistant_visual_approximate
1,7,49,462,1,assistant_visual_approximate
2,1,158,127,1,assistant_visual_approximate
2,2,196,188,1,assistant_visual_approximate
2,3,130,249,1,assistant_visual_approximate
2,4,107,320,1,assistant_visual_approximate
2,6,66,387,1,assistant_visual_approximate
2,7,48,459,1,assistant_visual_approximate
3,1,159,128,1,assistant_visual_approximate
3,2,192,189,1,assistant_visual_approximate
3,3,128,244,1,assistant_visual_approximate
3,4,104,319,1,assistant_visual_approximate
3,6,62,390,1,assistant_visual_approximate
3,7,43,462,1,assistant_visual_approximate
4,1,173,126,1,assistant_visual_approximate
4,2,206,180,1,assistant_visual_approximate
4,3,135,245,1,assistant_visual_approximate
4,4,104,315,1,assistant_visual_approximate
4,6,64,389,1,assistant_visual_approximate
4,7,42,463,1,assistant_visual_approximate
5,1,171,125,1,assistant_visual_approximate
5,2,204,184,1,assistant_visual_approximate
5,3,141,246,1,assistant_visual_approximate
5,4,108,325,1,assistant_visual_approximate
5,6,59,389,1,assistant_visual_approximate
5,7,45,468,1,assistant_visual_approximate
6,1,174,128,1,assistant_visual_approximate
6,2,218,185,1,assistant_visual_approximate
6,3,155,250,1,assistant_visual_approximate
6,4,112,324,1,assistant_visual_approximate
6,6,69,389,1,assistant_visual_approximate
6,7,46,470,1,assistant_visual_approximate
7,1,167,128,1,assistant_visual_approximate
7,2,222,187,1,assistant_visual_approximate
7,3,162,248,1,assistant_visual_approximate
7,4,115,323,1,assistant_visual_approximate
7,6,75,396,1,assistant_visual_approximate
7,7,38,470,1,assistant_visual_approximate
8,1,181,127,1,assistant_visual_approximate
8,2,230,194,1,assistant_visual_approximate
8,3,167,257,1,assistant_visual_approximate
8,4,110,313,1,assistant_visual_approximate
8,6,66,395,1,assistant_visual_approximate
8,7,53,473,1,assistant_visual_approximate
