reference_points,observed_reference_points,coverage,mean_center_error_px,median_center_error_px,p95_center_error_px,success_within_tolerance,tolerance_px,HOTA,IDF1,MOTA,evaluation_scope,variant,status,all_frame_coverage,seconds,reference_provenance
48.0,48.0,1.0,7.0662898829455765,6.440371919828513,15.464362164874679,0.875,12.0,,,,selected identity point localization; human/assistant reference provenance must be supplied,selected,completed,0.8397435897435898,0.7477970000036294,assistant approximate visual references; nonblind early frames only
48.0,48.0,1.0,7.0662898829455765,6.440371919828513,15.464362164874679,0.875,12.0,,,,selected identity point localization; human/assistant reference provenance must be supplied,without_registration,completed,0.9038461538461539,0.581486600000062,assistant approximate visual references; nonblind early frames only
48.0,31.0,0.6458333333333334,8.745249613920311,7.8814091506189214,16.72518154070829,0.5208333333333334,12.0,,,,selected identity point localization; human/assistant reference provenance must be supplied,raw_no_blur,completed,0.42948717948717946,0.8140654000017093,assistant approximate visual references; nonblind early frames only
48.0,47.0,0.9791666666666666,8.892544102806378,7.6070115584726015,26.445950274935466,0.8333333333333334,12.0,,,,selected identity point localization; human/assistant reference provenance must be supplied,without_centroid_refinement,completed,0.8974358974358975,1.0762776999908965,assistant approximate visual references; nonblind early frames only
48.0,46.0,0.9583333333333334,7.0563909640743905,6.440371919828513,15.567217559817033,0.8541666666666666,12.0,,,,selected identity point localization; human/assistant reference provenance must be supplied,strict_backward_4px,completed,0.7307692307692307,1.0494359000003897,assistant approximate visual references; nonblind early frames only
48.0,48.0,1.0,7.09807387157709,6.440371919828513,15.464362164874679,0.875,12.0,,,,selected identity point localization; human/assistant reference provenance must be supplied,search_12,completed,0.8397435897435898,0.9775146000029054,assistant approximate visual references; nonblind early frames only
48.0,48.0,1.0,7.0662898829455765,6.440371919828513,15.464362164874679,0.875,12.0,,,,selected identity point localization; human/assistant reference provenance must be supplied,search_20,completed,0.8076923076923077,0.9977397000038764,assistant approximate visual references; nonblind early frames only
48.0,48.0,1.0,7.0670689784275895,6.440318765804979,15.46434995417225,0.875,12.0,,,,selected identity point localization; human/assistant reference provenance must be supplied,search_40,completed,0.7884615384615384,1.1525576000130968,assistant approximate visual references; nonblind early frames only
48.0,47.0,0.9791666666666666,7.809707169814527,6.155673294664582,22.660357594914988,0.8541666666666666,12.0,,,,selected identity point localization; human/assistant reference provenance must be supplied,lk,completed,0.6089743589743589,1.3356088000000454,assistant approximate visual references; nonblind early frames only
48.0,47.0,0.9791666666666666,7.098491251920587,5.896689469315042,15.361331806230192,0.875,12.0,,,,selected identity point localization; human/assistant reference provenance must be supplied,trackpy,completed,0.6987179487179487,6.082976699995925,assistant approximate visual references; nonblind early frames only
48.0,47.0,0.9791666666666666,7.098491251920587,5.896689469315042,15.361331806230192,0.875,12.0,,,,selected identity point localization; human/assistant reference provenance must be supplied,legacy_iou_area,completed,0.9166666666666666,5.050587400008226,assistant approximate visual references; nonblind early frames only
48.0,46.0,0.9583333333333334,7.182596724679087,6.09794461819284,15.49069621241759,0.8541666666666666,12.0,,,,selected identity point localization; human/assistant reference provenance must be supplied,legacy_iou,completed,0.8461538461538461,3.46650700000464,assistant approximate visual references; nonblind early frames only
48.0,46.0,0.9583333333333334,7.182596724679087,6.09794461819284,15.49069621241759,0.8541666666666666,12.0,,,,selected identity point localization; human/assistant reference provenance must be supplied,legacy_iou_distance,completed,0.8333333333333334,3.5159261000080733,assistant approximate visual references; nonblind early frames only
48.0,46.0,0.9583333333333334,7.182596724679087,6.09794461819284,15.49069621241759,0.8541666666666666,12.0,,,,selected identity point localization; human/assistant reference provenance must be supplied,legacy_motion,completed,0.7628205128205128,3.6293384000018705,assistant approximate visual references; nonblind early frames only
,,,,,,,,,,,,YOLO_TEM_legacy_full,not_run_no_TEM_weights_or_labels,,,
