frame,dx,dy,drift_x,drift_y,valid,cumulative_valid,phase_response,ecc_score,disagreement
0,0.0,0.0,0.0,0.0,True,True,1.0,1.0,0.0
1,-1.34514582157135,-0.16660626232624054,-1.34514582157135,-0.16660626232624054,True,True,0.5595351433753968,0.6624432256442693,0.2331937980043671
2,-1.1273435354232788,0.1459893435239792,-2.472489356994629,-0.020616918802261353,True,True,0.5459630680084229,0.702934596863368,0.10855889197317575
3,-0.1552574336528778,0.019238196313381195,-2.6277467906475067,-0.0013787224888801575,True,True,0.6712829613685608,0.731241619556068,0.04667224087933734
4,-1.093652367591858,-0.8010678887367249,-3.7213991582393646,-0.802446611225605,True,True,0.5388360197842121,0.6960100732879214,0.17821192782472675
5,-1.778017282485962,0.36054009199142456,-5.4994164407253265,-0.44190651923418045,True,True,0.459294646307826,0.6820130556939558,0.5301914749150394
6,-1.2085312604904175,-0.12068478018045425,-6.707947701215744,-0.5625912994146347,True,True,0.5686325781047344,0.6606005774031155,0.3567895350493549
7,-1.10482919216156,-0.04848999157547951,-7.812776893377304,-0.6110812909901142,True,True,0.5404437363147736,0.733442311182062,0.14120014370546943
8,-1.741018533706665,-0.5201079249382019,-9.55379542708397,-1.1311892159283161,True,True,0.7270052459836006,0.7450497277385911,0.2810707270870639
9,-1.750606656074524,0.04375899210572243,-11.304402083158493,-1.0874302238225937,True,True,0.7456798066198825,0.7215012188692614,0.32944129141837436
10,-1.7340419292449951,-0.35592907667160034,-13.038444012403488,-1.443359300494194,True,True,0.7504935413599014,0.7798310520988545,0.2193062264691145
11,,,-13.038444012403488,-1.443359300494194,False,False,0.28826965659856796,0.29282281597964216,2.027333087359695
12,-0.141050785779953,-0.6239838004112244,-13.179494798183441,-2.0673431009054184,True,False,0.33211879193782806,0.7462153387031482,0.5149964198260488
13,-1.7786359786987305,-0.41231030225753784,-14.958130776882172,-2.4796534031629562,True,False,0.5543217107653617,0.587137675757575,0.15667127480297705
14,-1.1178871393203735,-0.5669289827346802,-16.076017916202545,-3.0465823858976364,True,False,0.5791982540488243,0.7201402305184044,0.14430207385724694
15,-0.1465589553117752,0.1956213116645813,-16.22257687151432,-2.850961074233055,True,False,0.5423684552311897,0.6975298702610322,0.28094433734483204
16,-1.7859870195388794,-1.2253087759017944,-18.0085638910532,-4.0762698501348495,True,False,0.5827353635430336,0.645837747786862,0.29592600248782114
17,-1.6327760219573975,0.751818060874939,-19.641339913010597,-3.3244517892599106,True,False,0.7286203317344189,0.7575744406423678,0.4201255990912613
18,-0.6224638223648071,0.01768410950899124,-20.263803735375404,-3.3067676797509193,True,False,0.4930086202919483,0.6266338383837462,0.16900930871569933
19,-2.4402551651000977,-0.4013436734676361,-22.704058900475502,-3.7081113532185555,True,False,0.6928149533271789,0.6166289943098457,0.5603264828847404
20,-1.4952300786972046,-0.7351083755493164,-24.199288979172707,-4.443219728767872,True,False,0.6265243766456843,0.6548109285668472,0.3290933259459037
21,-0.3974071145057678,-0.05182512104511261,-24.596696093678474,-4.4950448498129845,True,False,0.572416954934597,0.7301097528140925,0.2474571754680687
22,-1.6333461999893188,-0.7947693467140198,-26.230042293667793,-5.289814196527004,True,False,0.6422720162570477,0.5263165879352085,0.1513741106243814
23,-1.249381184577942,-0.7976738214492798,-27.479423478245735,-6.087488017976284,True,False,0.6701151776313782,0.5885014532538552,0.08824851534614538
24,-0.7596224546432495,-0.6291053891181946,-28.239045932888985,-6.716593407094479,True,False,0.47045375645160675,0.5975174401685386,0.47815438286619916
25,-0.7765304446220398,0.052166033536195755,-29.015576377511024,-6.664427373558283,True,False,0.5390855313837528,0.7082529224789432,0.28636835372728686
