Algorithm / Framework,Detector dependency,Motion model,Appearance model,Supports tiny particles,Supports occlusion,Supports disappearing targets,Supports dense particles,Supports merge/split,Supports irregular shape,Subpixel accuracy,Microscopy suitability,TEM suitability,GPU requirement,CPU performance,Real-time capability,Implementation complexity,Maintenance,License,Community maturity,Scientific interpretability,Trajectory quality,Parameter sensitivity,Failure modes,Implementation status,Primary source
Manual ROI + OpenCV NCC + local center refinement,人工选点，无全图 detector,局部搜索 + 可信背景步进,圆形 ROI 归一化互相关,有利但需符合定位假设,memory/gap closing；非万能,短缺测可连接；物理消失需判定,可用；粘连和歧义仍难,不推断；身份不明时需人工复核,取决于定位器,定位可亚像素；需真实误差验证,通常更接近科学流程,需要验证暗对比和形变,传统路线不要求,样例 CPU 已执行；耗时见 metrics.json,可能；本次离线不承诺,低至中,当前项目；锁定 OpenCV 5.0.0.93,OpenCV Apache-2.0；本项目自定义组合,科学社区使用；TEM 不能直接推断,高：坐标及搜索约束可解释,实测见 experiment_results；不证明全面最优,尺寸、阈值、search range、memory,粘连、尺寸错配、背景变化,主方法：实测，支持中途锚点,https://docs.opencv.org/4.x/de/da9/tutorial_template_matching.html
Trackpy locate + linking,灰度点/斑点定位,中心距离 linking + memory；predictor 可扩展,强度/尺寸特征,有利但需符合定位假设,memory/gap closing；非万能,短缺测可连接；物理消失需判定,可用；粘连和歧义仍难,取决于专门关联器,取决于定位器,locate 提供质心细化；TEM 物理精度未证实,通常更接近科学流程,需要验证暗对比和形变,传统路线不要求,少量粒子轻量；依算法,可能；本次离线不承诺,低至中,PyPI 0.7，2025-07-18；本项目已锁定,BSD-3-Clause,科学社区使用；TEM 不能直接推断,高：坐标及搜索约束可解释,需独立真值；缺测应保留,尺寸、阈值、search range、memory,粘连、尺寸错配、背景变化,实测对照；一次起始点/ID,https://soft-matter.github.io/trackpy/v0.7/api.html
TrackMate,LoG/DoG、mask 或插件,LAP/Kalman 等可选,大小、强度、形状等可选特征,有利但需符合定位假设,memory/gap closing；非万能,短缺测可连接；物理消失需判定,可用；粘连和歧义仍难,部分 LAP 设置支持；需实际事件标注,取决于定位器,定位可亚像素；需真实误差验证,通常更接近科学流程,需要验证暗对比和形变,传统路线不要求,少量粒子轻量；依算法,可能；本次离线不承诺,低至中,Fiji 插件，按所选插件记录版本,GPL-3.0，另查插件依赖,科学社区使用；TEM 不能直接推断,高：坐标及搜索约束可解释,需独立真值；缺测应保留,尺寸、阈值、search range、memory,粘连、尺寸错配、背景变化,研究候选，未在本视频运行,https://imagej.net/plugins/trackmate/
DeepTrack2 / LodeSTAR / MAGIK,仿真/学习定位；图关联需训练,依模型，可用时空图,学习图像/图特征,有利但需符合定位假设,memory/gap closing；非万能,短缺测可连接；物理消失需判定,可用；粘连和歧义仍难,取决于专门关联器,取决于定位器,定位可亚像素；需真实误差验证,通常更接近科学流程,需要验证暗对比和形变,训练通常建议 GPU,少量粒子轻量；依算法,可能；本次离线不承诺,高：需 TEM 仿真与域验证,DeepTrack 2.0.2 注册表快照；未安装,MIT,科学社区使用；TEM 不能直接推断,高：坐标及搜索约束可解释,需独立真值；缺测应保留,尺寸、阈值、search range、memory,不匹配的光学模拟、域偏差、图关联歧义,研究候选，未在本视频运行,https://github.com/DeepTrackAI/DeepTrack2
AtomAI,本域训练或结构模型,不是开箱即用的颗粒时序 ID tracker,强度/尺寸特征,有利但需符合定位假设,memory/gap closing；非万能,短缺测可连接；物理消失需判定,可用；粘连和歧义仍难,取决于专门关联器,取决于定位器,定位可亚像素；需真实误差验证,原子/结构成像工具,原子分辨任务更相关；本次颗粒级非首选,学习模型训练建议 GPU,少量粒子轻量；依算法,可能；本次离线不承诺,低至中,官方文档/仓库可用，见来源,以链接 LICENSE 为准,科学社区使用；TEM 不能直接推断,高：坐标及搜索约束可解释,需独立真值；缺测应保留,尺寸、阈值、search range、memory,粘连、尺寸错配、背景变化,研究候选，未在本视频运行,https://github.com/pycroscopy/atomai
Legacy YOLO + Kalman + Hungarian,本域 detector,6D 常速 Kalman + Hungarian,无；IoU 与面积代价,由检测分辨率决定,短遮挡可恢复；身份无保证,缓冲后终止,检测密集度和歧义限制,通常不提供事件身份树,框近似；不描述形状,需额外中心细化,迁移需本域验证,缺 TEM detector，不作默认,检测/外观模型通常建议 GPU,关联轻；检测耗时未测,取决于检测器，未实测,中,按用户旧说明重建；非找回旧源码,Ultralytics AGPL-3.0/商业选项；另查依赖,通用 MOT 较成熟；TEM 未验证,高：代价、阈值、预测可审查,依赖检测和身份；非本视频已知排名,检测阈值、距离、buffer,漏检、邻粒交换、同质外观,Kalman 实测使用 Trackpy 检测；YOLO 完整路线无 TEM 权重未运行,https://docs.ultralytics.com/modes/predict/
SORT,本域 detector,Kalman + IoU Hungarian,无,由检测分辨率决定,短遮挡可恢复；身份无保证,缓冲后终止,检测密集度和歧义限制,通常不提供事件身份树,框近似；不描述形状,需额外中心细化,迁移需本域验证,缺 TEM detector，不作默认,检测/外观模型通常建议 GPU,关联轻；检测耗时未测,取决于检测器，未实测,中,见官方仓库；未审计提交活跃度,GPL-3.0,通用 MOT 较成熟；TEM 未验证,中：框与代价可审查,依赖检测和身份；非本视频已知排名,检测阈值、距离、buffer,漏检、邻粒交换、同质外观,研究候选，未在本视频运行,https://github.com/abewley/sort
DeepSORT,本域 detector,Kalman/距离关联,学习 ReID,由检测分辨率决定,短遮挡可恢复；身份无保证,缓冲后终止,检测密集度和歧义限制,通常不提供事件身份树,框近似；不描述形状,需额外中心细化,迁移需本域验证,缺 TEM detector，不作默认,检测/外观模型通常建议 GPU,关联轻；检测耗时未测,取决于检测器，未实测,中,见官方仓库；未审计提交活跃度,GPL-3.0,通用 MOT 较成熟；TEM 未验证,中：框与代价可审查,依赖检测和身份；非本视频已知排名,检测阈值、距离、buffer,通用行人特征不能当 TEM 身份证据,研究候选，未在本视频运行,https://github.com/nwojke/deep_sort
StrongSORT,本域 detector,Kalman/距离关联,强化 ReID 与运动匹配,由检测分辨率决定,短遮挡可恢复；身份无保证,缓冲后终止,检测密集度和歧义限制,通常不提供事件身份树,框近似；不描述形状,需额外中心细化,迁移需本域验证,缺 TEM detector，不作默认,检测和 ReID 通常建议 GPU,关联轻；检测耗时未测,取决于检测器，未实测,中,见官方仓库；未审计提交活跃度,以链接 LICENSE 为准,通用 MOT 较成熟；TEM 未验证,中：框与代价可审查,依赖检测和身份；非本视频已知排名,检测阈值、距离、buffer,漏检、邻粒交换、同质外观,研究候选，未在本视频运行,https://github.com/dyhBUPT/StrongSORT
ByteTrack,本域 detector,Kalman + 高/低检测分数两阶段关联,不依赖 ReID 的主要路线,由检测分辨率决定,短遮挡可恢复；身份无保证,缓冲后终止,检测密集度和歧义限制,通常不提供事件身份树,框近似；不描述形状,需额外中心细化,迁移需本域验证,缺 TEM detector，不作默认,检测/外观模型通常建议 GPU,关联轻；检测耗时未测,取决于检测器，未实测,中,见官方仓库；未审计提交活跃度,MIT,通用 MOT 较成熟；TEM 未验证,中：框与代价可审查,依赖检测和身份；非本视频已知排名,检测阈值、距离、buffer,低分框本身错误、尺寸小的 IoU 失稳,研究候选，未在本视频运行,https://github.com/FoundationVision/ByteTrack
BoT-SORT,本域 detector,Kalman + 相机运动补偿,可选 ReID,由检测分辨率决定,短遮挡可恢复；身份无保证,缓冲后终止,检测密集度和歧义限制,通常不提供事件身份树,框近似；不描述形状,需额外中心细化,迁移需本域验证,缺 TEM detector，不作默认,检测/外观模型通常建议 GPU,关联轻；检测耗时未测,取决于检测器，未实测,中,见官方仓库；未审计提交活跃度,MIT,通用 MOT 较成熟；TEM 未验证,中：框与代价可审查,依赖检测和身份；非本视频已知排名,检测阈值、距离、buffer,背景补偿不可靠、同质颗粒 ReID 无辨别性,研究候选，未在本视频运行,https://github.com/NirAharon/BoT-SORT
OC-SORT,本域 detector,基于观测的运动修正,无,由检测分辨率决定,短遮挡可恢复；身份无保证,缓冲后终止,检测密集度和歧义限制,通常不提供事件身份树,框近似；不描述形状,需额外中心细化,迁移需本域验证,缺 TEM detector，不作默认,检测/外观模型通常建议 GPU,关联轻；检测耗时未测,取决于检测器，未实测,中,见官方仓库；未审计提交活跃度,MIT,通用 MOT 较成熟；TEM 未验证,中：框与代价可审查,依赖检测和身份；非本视频已知排名,检测阈值、距离、buffer,漏检、邻粒交换、同质外观,研究候选，未在本视频运行,https://github.com/noahcao/OC_SORT
Deep OC-SORT,本域 detector,OC-SORT + 自适应匹配,ReID,由检测分辨率决定,短遮挡可恢复；身份无保证,缓冲后终止,检测密集度和歧义限制,通常不提供事件身份树,框近似；不描述形状,需额外中心细化,迁移需本域验证,缺 TEM detector，不作默认,检测/外观模型通常建议 GPU,关联轻；检测耗时未测,取决于检测器，未实测,中,见官方仓库；未审计提交活跃度,MIT,通用 MOT 较成熟；TEM 未验证,中：框与代价可审查,依赖检测和身份；非本视频已知排名,检测阈值、距离、buffer,漏检、邻粒交换、同质外观,研究候选，未在本视频运行,https://github.com/GerardMaggiolino/Deep-OC-SORT
Norfair,本域 detector,点距离/自定义代价 + Kalman,可自定义,由检测分辨率决定,短遮挡可恢复；身份无保证,缓冲后终止,检测密集度和歧义限制,通常不提供事件身份树,框近似；不描述形状,需额外中心细化,迁移需本域验证,缺 TEM detector，不作默认,检测/外观模型通常建议 GPU,关联轻；检测耗时未测,取决于检测器，未实测,中,PyPI 2.3.0，2025-04-30；未安装,BSD-3-Clause,通用 MOT 较成熟；TEM 未验证,高：点距离及生命周期可配置,依赖检测和身份；非本视频已知排名,检测阈值、距离、buffer,漏检、邻粒交换、同质外观,研究候选，未在本视频运行,https://github.com/tryolabs/norfair
Tracktor,可回归框的 detector,检测器框回归延续,无或可选 ReID,由检测分辨率决定,短遮挡可恢复；身份无保证,缓冲后终止,检测密集度和歧义限制,通常不提供事件身份树,框近似；不描述形状,需额外中心细化,迁移需本域验证,缺 TEM detector，不作默认,检测/外观模型通常建议 GPU,关联轻；检测耗时未测,取决于检测器，未实测,中,见官方仓库；未审计提交活跃度,以链接 LICENSE 为准,通用 MOT 较成熟；TEM 未验证,中：框与代价可审查,依赖检测和身份；非本视频已知排名,检测阈值、距离、buffer,TEM 框回归域偏差和目标消失,研究候选，未在本视频运行,https://github.com/phil-bergmann/tracking_wo_bnw
FairMOT,联合训练的检测 + ReID,Kalman/距离关联,联合嵌入,由检测分辨率决定,短遮挡可恢复；身份无保证,缓冲后终止,检测密集度和歧义限制,通常不提供事件身份树,框近似；不描述形状,需额外中心细化,迁移需本域验证,缺 TEM detector，不作默认,检测/外观模型通常建议 GPU,关联轻；检测耗时未测,取决于检测器，未实测,高：需 TEM 时序训练,见官方仓库；未审计提交活跃度,以链接 LICENSE 为准,通用 MOT 较成熟；TEM 未验证,中：框与代价可审查,依赖检测和身份；非本视频已知排名,检测阈值、距离、buffer,漏检、邻粒交换、同质外观,研究候选，未在本视频运行,https://github.com/ifzhang/FairMOT
CenterTrack,联合时序检测,学习中心位移,学习时序特征,由检测分辨率决定,短遮挡可恢复；身份无保证,缓冲后终止,检测密集度和歧义限制,通常不提供事件身份树,框近似；不描述形状,需额外中心细化,迁移需本域验证,缺 TEM detector，不作默认,检测/外观模型通常建议 GPU,关联轻；检测耗时未测,取决于检测器，未实测,中,见官方仓库；未审计提交活跃度,以链接 LICENSE 为准,通用 MOT 较成熟；TEM 未验证,中：框与代价可审查,依赖检测和身份；非本视频已知排名,检测阈值、距离、buffer,漏检、邻粒交换、同质外观,研究候选，未在本视频运行,https://github.com/xingyizhou/CenterTrack
MOTR / TrackFormer,端到端时序 transformer,持续 track queries,学习特征/注意力,由检测分辨率决定,短遮挡可恢复；身份无保证,缓冲后终止,检测密集度和歧义限制,通常不提供事件身份树,框近似；不描述形状,需额外中心细化,迁移需本域验证,缺 TEM detector，不作默认,检测/外观模型通常建议 GPU,关联轻；检测耗时未测,取决于检测器，未实测,高：域迁移和训练数据,见官方仓库；未审计提交活跃度,以链接 LICENSE 为准,通用 MOT 较成熟；TEM 未验证,低至中：需诊断身份来源,依赖检测和身份；非本视频已知排名,检测阈值、距离、buffer,漏检、邻粒交换、同质外观,研究候选，未在本视频运行,https://github.com/megvii-research/MOTR ; https://github.com/timmeinhardt/trackformer
Segmentation + mask association,提示分割或本域 mask 模型,mask IoU + 质心 + 面积关联,像素特征,小尺寸弱对比需实测,可传播但遮挡身份仍有歧义,需要置信门限及终止逻辑,粘连分割是前提,需事件标签与专门逻辑，不自动具备,优势：显式轮廓,mask 质心为连续值，非精度保证,模型依细胞/光学域而定,TEM 预训练可迁移性未验证,深度模型通常建议 GPU,本机未测,本机未测,中至高,官方仓库可用，版本需锁定,Detectron2 Apache-2.0；Ultralytics AGPL-3.0/商业,分割成熟度不等于 TEM 跟踪验证,中：mask 可审查，模型黑箱,质心随形状/阈值变动,提示、阈值、重叠、最小面积,粘连、漏分割、边界形变,研究候选，未在本视频运行,https://github.com/facebookresearch/detectron2 ; https://docs.ultralytics.com/tasks/segment/
SAM 2 / SAM 3 video masks,人工提示 + 视频记忆,时序 mask 传播,像素特征,小尺寸弱对比需实测,可传播但遮挡身份仍有歧义,需要置信门限及终止逻辑,粘连分割是前提,mask 可描述；事件树需另建,优势：显式轮廓,mask 质心为连续值，非精度保证,模型依细胞/光学域而定,候选；尚未验证弱对比 TEM,深度模型通常建议 GPU,本机未测,本机未测,中至高,官方仓库可用，版本需锁定,按各代代码和权重条款分别确认,分割成熟度不等于 TEM 跟踪验证,中：mask 可审查，模型黑箱,质心随形状/阈值变动,提示、阈值、重叠、最小面积,粘连、漏分割、边界形变,研究候选，未在本视频运行,https://github.com/facebookresearch/sam2 ; https://github.com/facebookresearch/sam3
Cellpose / StarDist,细胞/形状分割模型，关联需另接,不自带本项目持久 ID 关联,像素特征,小尺寸弱对比需实测,可传播但遮挡身份仍有歧义,需要置信门限及终止逻辑,粘连分割是前提,mask 可描述；事件树需另建,Cellpose 可表达；StarDist 假定星凸对象,mask 质心为连续值，非精度保证,模型依细胞/光学域而定,TEM 预训练可迁移性未验证,深度模型通常建议 GPU,本机未测,本机未测,中至高,官方仓库可用，版本需锁定,代码与新模型权重分开核对；Cellpose 部分权重含非商业限制,分割成熟度不等于 TEM 跟踪验证,中：mask 可审查，模型黑箱,质心随形状/阈值变动,提示、阈值、重叠、最小面积,细胞域先验、星凸限制、粒子粘连,研究候选，未在本视频运行,https://github.com/MouseLand/cellpose ; https://github.com/stardist/stardist
DeepCell / ilastik object tracking,提示分割或本域 mask 模型,依流程学习/概率关联,像素特征,小尺寸弱对比需实测,可传播但遮挡身份仍有歧义,需要置信门限及终止逻辑,粘连分割是前提,细胞 lineage 流程不等于 TEM 融并身份,优势：显式轮廓,mask 质心为连续值，非精度保证,模型依细胞/光学域而定,TEM 预训练可迁移性未验证,深度模型通常建议 GPU,本机未测,本机未测,高：对象模型和训练/交互标注,官方仓库可用，版本需锁定,代码/权重许可证应分别确认,分割成熟度不等于 TEM 跟踪验证,中：mask 可审查，模型黑箱,质心随形状/阈值变动,提示、阈值、重叠、最小面积,粘连、漏分割、边界形变,研究候选，未在本视频运行,https://deepcell.readthedocs.io/en/master/ ; https://www.ilastik.org/documentation/tracking/tracking
Registration + localization,需另接定位；配准不是 tracker,背景平移，当前 phase/ECC 双检查,背景纹理,有利但需符合定位假设,memory/gap closing；非万能,短缺测可连接；物理消失需判定,可用；粘连和歧义仍难,取决于专门关联器,取决于定位器,定位可亚像素；需真实误差验证,通常更接近科学流程,需要验证暗对比和形变,传统路线不要求,少量粒子轻量；依算法,可能；本次离线不承诺,低至中,官方文档/仓库可用，见来源,OpenCV Apache-2.0,科学社区使用；TEM 不能直接推断,高，但只能称背景相对运动,需独立真值；缺测应保留,尺寸、阈值、search range、memory,背景本身运动、文字、低纹理、累计误差,已测试 phase/ECC/LK/ORB，主流程使用受检平移,https://docs.opencv.org/4.x/d7/df3/group__imgproc__motion.html ; https://docs.opencv.org/4.x/dc/d6b/group__video__track.html
Detection once + LK optical flow,手动点或首帧目标,金字塔 LK 局部光流 + 前后向检查,亮度/局部梯度,依有效纹理和训练域,依算法；遮挡需要显式检查,可标不可见；不推断物理消失,点可密集；身份语义需定义,不自带事件树,追纹理点；不等于形状中心,连续输出不等于亚像素物理准确,可作为位移模块,TEM 域与颗粒中心需实测,不要求,传统较轻；深度本机未测,传统可能；深度未测,低至高,见官方实现与版本,OpenCV Apache-2.0,计算机视觉方法；TEM 待验证,传统高；深度较低,积累误差和中心漂移需检查,窗口、金字塔、置信、训练域,低纹理、强形变、亮度变化,本视频已实测对照,https://docs.opencv.org/4.x/dc/d6b/group__video__track.html
Farneback dense flow,需定义 ROI 和 ID,稠密局部多项式光流,局部纹理或学习特征,依有效纹理和训练域,依算法；遮挡需要显式检查,可标不可见；不推断物理消失,点可密集；身份语义需定义,不自带事件树,追纹理点；不等于形状中心,连续输出不等于亚像素物理准确,可作为位移模块,TEM 域与颗粒中心需实测,不要求,传统较轻；深度本机未测,传统可能；深度未测,低至高,见官方实现与版本,OpenCV Apache-2.0,计算机视觉方法；TEM 待验证,传统高；深度较低,积累误差和中心漂移需检查,窗口、金字塔、置信、训练域,低纹理、强形变、亮度变化,研究候选，未在本视频运行,https://docs.opencv.org/4.x/dc/d6b/group__video__track.html
RAFT / FlowFormer,手动点或首帧目标,学习稠密位移,深度特征/相关性,依有效纹理和训练域,依算法；遮挡需要显式检查,可标不可见；不推断物理消失,点可密集；身份语义需定义,不自带事件树,追纹理点；不等于形状中心,连续输出不等于亚像素物理准确,可作为位移模块,TEM 域与颗粒中心需实测,通常建议 GPU,传统较轻；深度本机未测,传统可能；深度未测,低至高,见官方实现与版本,以链接 LICENSE 为准,计算机视觉方法；TEM 待验证,传统高；深度较低,积累误差和中心漂移需检查,窗口、金字塔、置信、训练域,TEM 域差异；流不是颗粒中心，也不管理出生/消失,研究候选，未在本视频运行,https://github.com/princeton-vl/RAFT ; https://github.com/drinkingcoder/FlowFormer-Official
CoTracker3 / TAPIR,人工查询点,时序学习点跟踪与可见性,学习特征,依有效纹理和训练域,依算法；遮挡需要显式检查,可标不可见；不推断物理消失,点可密集；身份语义需定义,不自带事件树,追纹理点；不等于形状中心,连续输出不等于亚像素物理准确,可作为位移模块,与手动点选相关的后续挑战者，需独立 TEM 实测,通常建议 GPU,传统较轻；深度本机未测,传统可能；深度未测,低至高,见官方实现与版本,以链接 LICENSE 为准,计算机视觉方法；TEM 待验证,传统高；深度较低,积累误差和中心漂移需检查,窗口、金字塔、置信、训练域,点追纹理而非质心、长遮挡身份歧义,研究候选，未在本视频运行,https://github.com/facebookresearch/co-tracker ; https://github.com/google-deepmind/tapnet
JPDA / MHT / graph / btrack,需本域定位/检测,概率多假设/时空图,可加入尺寸/形状特征,有利但需符合定位假设,memory/gap closing；非万能,短缺测可连接；物理消失需判定,有潜力；密集时组合复杂度高,依模型及事件约束；不能无证据恢复物理身份,取决于定位器,定位可亚像素；需真实误差验证,通常更接近科学流程,需要验证暗对比和形变,传统路线不要求,随候选数和假设数增长,可能；本次离线不承诺,高,官方文档/仓库可用，见来源,以链接 LICENSE 为准,科学社区使用；TEM 不能直接推断,高：坐标及搜索约束可解释,需独立真值；缺测应保留,运动/测量噪声、代价、剪枝、门限,粘连、尺寸错配、背景变化,研究候选，未在本视频运行,https://stonesoup.readthedocs.io/en/latest/auto_tutorials/08_JPDATutorial.html ; https://github.com/quantumjot/btrack
Gaussian fit / LoG / DoG / radial symmetry,独立定位模块，另接 linker,无,高斯或径向对称假设,有利但需符合定位假设,memory/gap closing；非万能,短缺测可连接；物理消失需判定,可用；粘连和歧义仍难,取决于专门关联器,对称假设可能失效,可亚像素定位；必须验证成像模型与中心定义,通常更接近科学流程,本片强形变使对称模型受限；候选而非默认,传统路线不要求,少量粒子轻量；依算法,可能；本次离线不承诺,低至中,官方文档/仓库可用，见来源,以链接 LICENSE 为准,科学社区使用；TEM 不能直接推断,高：坐标及搜索约束可解释,只改善定位，不解决身份,尺寸、阈值、search range、memory,非对称 TEM 对比、邻粒污染、PSF 假设错误,研究候选，未在本视频运行,https://www.nature.com/articles/nmeth.2071 ; https://imagej.net/plugins/trackmate/detectors/
SAHI + detector,本域目标检测器,无；切块推理后需关联,无或可选 ReID,切块可能减小缩放损失；需实测,短遮挡可恢复；身份无保证,缓冲后终止,检测密集度和歧义限制,通常不提供事件身份树,框近似；不描述形状,需额外中心细化,迁移需本域验证,当前 554 px 且颗粒数十 px，不优先切块,检测/外观模型通常建议 GPU,关联轻；检测耗时未测,取决于检测器，未实测,中,见官方仓库；未审计提交活跃度,以链接 LICENSE 为准,通用 MOT 较成熟；TEM 未验证,中：框与代价可审查,依赖检测和身份；非本视频已知排名,检测阈值、距离、buffer,切块边界重复/碎裂；并不解决 ID,研究候选，未在本视频运行,https://github.com/Small-Object-Detection/SAHI
